Instance,Date,Location,Opp,Type,Tm,Opp,OT?,FG_Furman,FGA_Furman,FG%_Furman,3P_Furman,3PA_Furman,3P%_Furman,2P_Furman,2PA_Furman,2P%_Furman,eFG%_Furman,FT_Furman,FTA_Furman,FT%_Furman,ORB_Furman,DRB_Furman,TRB_Furman,AST_Furman,STL_Furman,BLK_Furman,TOV_Furman,PF_Furman,FG_Opponent,FGA_Opponent,FG%_Opponent,3P_Opponent,3PA_Opponent,3P%_Opponent,2P_Opponent,2PA_Opponent,2P%_Opponent,eFG%_Opponent,FT_Opponent,FTA_Opponent,FT%_Opponent,ORB_Opponent,DRB_Opponent,TRB_Opponent,AST_Opponent,STL_Opponent,BLK_Opponent,TOV_Opponent,PF_Opponent,Result
1,11/4/24,Home,Columbia Intl,REG (Non-Conf),104,46,No,40,63,0.635,13,21,0.619,27,42,0.643,0.738,11,18,0.611,8,32,40,18,11,3,10,14,16,56,0.286,2,21,0.095,14,35,0.4,0.304,12,17,0.706,7,16,23,7,5,3,17,16,Win
2,11/8/24,Away,Belmont,REG (Non-Conf),76,74,No,28,59,0.475,16,35,0.457,12,24,0.5,0.61,4,5,0.8,6,26,32,18,6,5,15,17,32,59,0.542,5,16,0.313,27,43,0.628,0.585,5,10,0.5,4,21,25,14,9,1,10,11,Win
3,11/11/24,Home,Jacksonville,REG (Non-Conf),78,69,No,26,57,0.456,9,26,0.346,17,31,0.548,0.535,17,24,0.708,7,28,35,16,10,4,14,18,24,65,0.369,6,25,0.24,18,40,0.45,0.415,15,20,0.75,14,24,38,11,9,7,14,21,Win
4,11/15/24,Home,Tulane,REG (Non-Conf),75,67,No,22,58,0.379,13,36,0.361,9,22,0.409,0.491,18,22,0.818,7,23,30,19,6,4,6,13,23,54,0.426,6,18,0.333,17,36,0.472,0.481,15,19,0.789,7,26,33,13,4,5,12,19,Win
5,11/20/24,Home,Oglethorpe,REG (Non-Conf),124,48,No,49,85,0.576,17,42,0.405,32,43,0.744,0.676,9,15,0.6,19,43,62,34,14,1,8,12,17,61,0.279,6,32,0.188,11,29,0.379,0.328,8,14,0.571,1,16,17,8,7,1,14,9,Win
6,11/23/24,Away,Charleston Southern,REG (Non-Conf),67,46,No,28,57,0.491,7,19,0.368,21,38,0.553,0.553,4,14,0.286,5,25,30,18,6,4,9,18,17,54,0.315,4,23,0.174,13,31,0.419,0.352,8,14,0.571,8,24,32,7,3,5,14,15,Win
7,11/26/24,Neutral,Seattle,REG (Non-Conf),61,56,No,21,40,0.525,8,22,0.364,13,18,0.722,0.625,11,18,0.611,3,22,25,18,4,4,14,20,16,61,0.262,5,27,0.185,11,34,0.324,0.303,19,25,0.76,18,19,37,10,7,1,11,15,Win
8,11/30/24,Away,Kansas,REG (Non-Conf),51,86,No,17,57,0.298,9,38,0.237,8,19,0.421,0.377,8,13,0.615,8,18,26,11,3,1,10,10,39,64,0.609,4,17,0.235,35,47,0.745,0.641,4,6,0.667,8,31,39,25,7,3,7,12,Lose
9,12/4/24,Away,Florida Gulf Coast,REG (Non-Conf),76,73,No,27,61,0.443,10,30,0.333,17,31,0.548,0.525,12,16,0.75,12,21,33,18,3,3,11,14,29,55,0.527,6,18,0.333,23,37,0.622,0.582,9,13,0.692,5,21,26,8,10,6,10,15,Win
10,12/7/24,Home,Princeton,REG (Non-Conf),69,63,No,25,58,0.431,10,34,0.294,15,24,0.625,0.517,9,16,0.563,12,24,36,12,7,6,13,18,21,54,0.389,6,19,0.316,15,35,0.429,0.444,15,20,0.75,7,22,29,11,10,0,12,17,Win
11,12/14/24,Home,South Carolina State,REG (Non-Conf),68,64,No,22,43,0.512,4,17,0.235,18,26,0.692,0.558,20,24,0.833,7,22,29,12,5,5,11,17,23,60,0.383,6,18,0.333,17,42,0.405,0.433,12,18,0.667,14,12,26,14,7,2,9,20,Win
12,12/18/24,Home,Montreat,REG (Non-Conf),100,75,No,35,70,0.5,16,44,0.364,19,26,0.731,0.614,14,23,0.609,11,32,43,26,7,7,8,11,29,72,0.403,9,30,0.3,20,42,0.476,0.465,8,9,0.889,7,25,32,7,6,0,12,20,Win
13,12/21/24,Away,Harvard,REG (Non-Conf),77,63,No,28,54,0.519,10,24,0.417,18,30,0.6,0.611,11,14,0.786,5,23,28,17,6,4,9,14,22,58,0.379,8,25,0.32,14,33,0.424,0.448,11,12,0.917,8,19,27,13,5,2,10,13,Win
14,1/1/25,Away,Western Carolina,REG (Conf),90,61,No,29,64,0.453,11,29,0.379,18,35,0.514,0.539,21,29,0.724,10,25,35,17,8,2,4,15,19,56,0.339,6,25,0.24,13,31,0.419,0.393,17,21,0.81,8,28,36,9,3,6,13,20,Win
15,1/4/25,Away,UNC Greensboro,REG (Conf),67,84,No,22,56,0.393,9,35,0.257,13,21,0.619,0.473,14,18,0.778,11,17,28,11,4,3,13,10,31,54,0.574,12,23,0.522,19,31,0.613,0.685,10,13,0.769,8,21,29,12,9,2,9,14,Lose
16,1/8/25,Away,The Citadel,REG (Conf),67,63,OT,22,60,0.367,8,29,0.276,14,31,0.452,0.433,15,20,0.75,13,26,39,13,10,2,16,21,21,53,0.396,6,19,0.316,15,34,0.441,0.453,15,32,0.469,10,24,34,10,9,4,18,15,Win
17,1/13/25,Home,Wofford,REG (Conf),62,81,No,23,69,0.333,8,34,0.235,15,35,0.429,0.391,8,13,0.615,15,15,30,12,3,2,4,11,32,68,0.471,13,32,0.406,19,36,0.528,0.566,4,7,0.571,19,30,49,15,4,4,10,18,Lose
18,1/15/25,Home,East Tennessee State,REG (Conf),73,70,No,24,54,0.444,7,21,0.333,17,33,0.515,0.509,18,25,0.72,12,19,31,16,6,2,13,21,23,54,0.426,6,18,0.333,17,36,0.472,0.481,18,27,0.667,13,21,34,5,8,3,12,21,Win
19,1/18/25,Home,Chattanooga,REG (Conf),71,75,No,22,51,0.431,10,23,0.435,12,28,0.429,0.529,17,28,0.607,9,17,26,17,6,5,11,20,23,52,0.442,4,13,0.308,19,39,0.487,0.481,25,28,0.893,9,24,33,17,11,2,13,20,Lose
20,1/22/25,Away,VMI,REG (Conf),82,91,No,26,70,0.371,16,44,0.364,10,26,0.385,0.486,14,18,0.778,19,24,43,20,3,2,11,22,29,56,0.518,9,22,0.409,20,34,0.588,0.598,24,27,0.889,5,24,29,12,8,5,6,15,Lose
21,1/25/25,Away,Mercer,REG (Conf),79,74,No,30,55,0.545,10,25,0.4,20,30,0.667,0.636,9,17,0.529,7,29,36,19,6,2,10,11,29,64,0.453,11,28,0.393,18,36,0.5,0.539,5,10,0.5,7,20,27,14,6,2,6,13,Win
22,1/29/25,Home,Samford,REG (Conf),72,70,No,27,55,0.491,7,24,0.292,20,31,0.645,0.555,11,21,0.524,9,23,32,19,9,4,14,11,27,65,0.415,9,25,0.36,18,40,0.45,0.485,7,9,0.778,9,19,28,11,10,4,14,18,Win
23,2/2/25,Away,East Tennessee State,REG (Conf),69,72,No,26,53,0.491,10,27,0.37,16,26,0.615,0.585,7,13,0.538,6,21,27,12,4,1,9,14,24,52,0.462,6,20,0.3,18,32,0.563,0.519,18,22,0.818,6,23,29,9,8,0,6,13,Lose
24,2/5/25,Home,Western Carolina,REG (Conf),84,75,OT,26,63,0.413,8,29,0.276,18,34,0.529,0.476,24,35,0.686,11,31,42,17,5,4,7,17,24,72,0.333,10,38,0.263,14,34,0.412,0.403,17,22,0.773,17,29,46,13,5,3,10,23,Win
25,2/8/25,Away,Chattanooga,REG (Conf),72,85,No,25,61,0.41,12,37,0.324,13,24,0.542,0.508,10,14,0.714,9,24,33,17,3,4,10,12,32,66,0.485,9,19,0.474,23,47,0.489,0.553,12,15,0.8,10,22,32,15,6,2,5,15,Lose
26,2/12/25,Home,Mercer,REG (Conf),96,72,No,31,63,0.492,18,36,0.5,13,27,0.481,0.635,16,20,0.8,11,25,36,23,11,6,10,11,29,64,0.453,7,18,0.389,22,46,0.478,0.508,7,12,0.583,10,19,29,14,6,2,12,14,Win
27,2/15/25,Home,UNC Greensboro,REG (Conf),50,58,No,15,56,0.268,8,30,0.267,7,26,0.269,0.339,12,17,0.706,9,26,35,7,6,3,11,12,22,56,0.393,4,12,0.333,18,44,0.409,0.429,10,12,0.833,7,31,38,10,6,8,8,15,Lose
28,2/19/25,Away,Samford,REG (Conf),80,72,No,23,53,0.434,11,26,0.423,12,27,0.444,0.538,23,27,0.852,8,28,36,18,9,4,15,12,26,67,0.388,11,32,0.344,15,35,0.429,0.47,9,11,0.818,11,18,29,14,11,6,13,20,Win
29,2/22/25,Home,VMI,REG (Conf),75,71,No,25,53,0.472,8,22,0.364,17,31,0.548,0.547,17,22,0.773,7,26,33,21,6,2,10,10,28,67,0.418,8,28,0.286,20,39,0.513,0.478,7,10,0.7,9,22,31,13,8,3,7,16,Win
30,2/26/25,Home,The Citadel,REG (Conf),85,42,No,31,59,0.525,15,33,0.455,16,26,0.615,0.653,8,20,0.4,7,31,38,23,10,4,9,12,13,52,0.25,5,24,0.208,8,28,0.286,0.298,11,17,0.647,5,26,31,8,6,1,14,15,Win
31,3/1/25,Away,Wofford,REG (Conf),78,75,No,23,51,0.451,10,25,0.4,13,26,0.5,0.549,22,28,0.786,3,15,18,12,7,1,8,20,26,59,0.441,8,30,0.267,18,29,0.621,0.508,15,21,0.714,14,20,34,14,4,2,13,18,Win
32,3/8/25,Neutral,Samford,CTOURN,95,78,No,29,49,0.592,17,29,0.586,12,20,0.6,0.765,20,29,0.69,6,20,26,17,10,4,14,15,29,62,0.468,8,24,0.333,21,38,0.553,0.532,12,15,0.8,10,17,27,13,11,2,13,20,Win
33,3/9/25,Neutral,Chattanooga,CTOURN,80,77,OT,27,57,0.474,12,28,0.429,15,29,0.517,0.579,14,21,0.667,11,25,36,13,4,4,12,13,28,64,0.438,11,25,0.44,17,39,0.436,0.523,10,12,0.833,9,23,32,10,6,4,8,18,Win
34,3/10/25,Neutral,Wofford,CTOURN,85,92,No,27,56,0.482,13,33,0.394,14,23,0.609,0.598,18,20,0.9,6,19,25,19,7,2,7,23,26,48,0.542,14,28,0.5,12,20,0.6,0.688,26,33,0.788,6,21,27,14,6,2,10,16,Lose
35,3/19/25,Away,North Texas,NIT,64,75,No,26,54,0.481,10,30,0.333,16,24,0.667,0.574,2,4,0.5,8,16,24,13,4,0,11,13,28,52,0.538,8,18,0.444,20,34,0.588,0.615,11,13,0.846,7,19,26,10,8,0,7,7,Lose
36,11/6/23,Home,North Greenville,REG (Non-Conf),84,68,No,27,59,0.458,3,21,0.143,24,38,0.632,0.483,27,39,0.692,9,35,44,10,14,6,18,20,24,66,0.364,8,21,0.381,16,45,0.356,0.424,12,19,0.632,5,27,32,7,10,3,20,27,Win
37,11/10/23,Home,Belmont,REG (Non-Conf),99,76,No,38,73,0.521,12,29,0.414,26,44,0.591,0.603,11,18,0.611,12,36,48,25,6,5,14,16,30,69,0.435,3,21,0.143,27,48,0.563,0.457,13,20,0.65,5,27,32,9,10,5,8,14,Win
38,11/16/23,Neutral,Liberty,REG (Non-Conf),74,88,No,22,53,0.415,6,24,0.25,16,29,0.552,0.472,24,31,0.774,8,26,34,12,6,0,12,18,31,57,0.544,9,24,0.375,22,33,0.667,0.623,17,27,0.63,4,27,31,17,8,0,8,22,Lose
39,11/17/23,Away,Coastal Carolina,REG (Non-Conf),89,80,No,32,63,0.508,12,36,0.333,20,27,0.741,0.603,13,17,0.765,7,22,29,27,12,4,13,10,33,69,0.478,10,23,0.435,23,46,0.5,0.551,4,7,0.571,13,23,36,15,6,2,17,16,Win
40,11/19/23,Neutral,Wyoming,REG (Non-Conf),71,78,No,27,65,0.415,8,34,0.235,19,31,0.613,0.477,9,10,0.9,12,21,33,17,10,3,13,16,28,59,0.475,12,25,0.48,16,34,0.471,0.576,10,12,0.833,6,23,29,18,4,5,13,14,Lose
41,11/25/23,Away,UAB,REG (Non-Conf),86,92,No,30,59,0.508,11,25,0.44,19,34,0.559,0.602,15,23,0.652,7,16,23,17,7,0,12,21,34,58,0.586,5,13,0.385,29,45,0.644,0.629,19,23,0.826,9,19,28,17,5,5,9,15,Lose
42,11/28/23,Home,South Carolina State,REG (Non-Conf),86,78,No,33,64,0.516,10,31,0.323,23,33,0.697,0.594,10,14,0.714,8,26,34,24,8,5,14,16,30,66,0.455,7,17,0.412,23,49,0.469,0.508,11,18,0.611,11,22,33,16,11,2,13,18,Win
43,12/2/23,Away,Princeton,REG (Non-Conf),69,70,No,25,51,0.49,8,23,0.348,17,28,0.607,0.569,11,19,0.579,5,30,35,13,2,1,19,20,24,67,0.358,4,31,0.129,20,36,0.556,0.388,18,25,0.72,11,20,31,11,12,1,6,14,Lose
44,12/4/23,Away,Arkansas,REG (Non-Conf),83,97,No,28,73,0.384,12,32,0.375,16,41,0.39,0.466,15,20,0.75,10,18,28,15,7,1,11,20,37,61,0.607,8,19,0.421,29,42,0.69,0.672,15,21,0.714,6,28,34,21,7,10,11,19,Lose
45,12/9/23,Home,Bob Jones,REG (Non-Conf),100,58,No,38,77,0.494,17,49,0.347,21,28,0.75,0.604,7,8,0.875,19,33,52,33,7,6,14,3,24,61,0.393,8,22,0.364,16,39,0.41,0.459,2,2,1,4,18,22,10,5,2,18,12,Win
46,12/14/23,Away,Tulane,REG (Non-Conf),110,117,2OT,37,77,0.481,18,42,0.429,19,35,0.543,0.597,18,25,0.72,9,34,43,19,7,2,22,28,38,68,0.559,12,22,0.545,26,46,0.565,0.647,29,44,0.659,2,30,32,23,17,5,14,18,Lose
47,12/19/23,Home,Presbyterian,REG (Non-Conf),76,61,No,27,60,0.45,5,27,0.185,22,33,0.667,0.492,17,25,0.68,11,26,37,11,5,5,8,11,25,63,0.397,4,21,0.19,21,42,0.5,0.429,7,12,0.583,7,23,30,14,4,1,9,17,Win
48,12/30/23,Home,Anderson (SC),REG (Non-Conf),74,79,No,25,56,0.446,2,20,0.1,23,36,0.639,0.464,22,36,0.611,11,29,40,13,6,3,16,17,31,76,0.408,8,24,0.333,23,52,0.442,0.461,9,18,0.5,17,27,44,18,13,2,9,25,Lose
49,1/3/24,Away,UNC Greensboro,REG (Conf),68,79,No,21,65,0.323,7,31,0.226,14,34,0.412,0.377,19,23,0.826,16,19,35,10,8,5,12,12,31,64,0.484,11,22,0.5,20,42,0.476,0.57,6,8,0.75,10,24,34,17,10,2,11,15,Lose
50,1/6/24,Away,Chattanooga,REG (Conf),58,73,No,19,69,0.275,4,33,0.121,15,36,0.417,0.304,16,21,0.762,12,24,36,6,11,1,9,13,29,60,0.483,7,24,0.292,22,36,0.611,0.542,8,11,0.727,5,33,38,17,5,5,16,18,Lose
51,1/10/24,Home,The Citadel,REG (Conf),82,68,No,33,60,0.55,13,31,0.419,20,29,0.69,0.658,3,8,0.375,5,22,27,28,8,2,11,13,28,60,0.467,3,16,0.188,25,44,0.568,0.492,9,13,0.692,7,21,28,10,7,2,11,9,Win
52,1/13/24,Home,East Tennessee State,REG (Conf),82,73,No,26,59,0.441,7,20,0.35,19,39,0.487,0.5,23,26,0.885,11,25,36,15,4,4,9,14,29,66,0.439,8,25,0.32,21,41,0.512,0.5,7,11,0.636,12,21,33,15,4,7,10,17,Win
53,1/17/24,Away,VMI,REG (Conf),100,60,No,36,75,0.48,18,37,0.486,18,38,0.474,0.6,10,15,0.667,12,30,42,22,9,3,7,12,24,62,0.387,5,25,0.2,19,37,0.514,0.427,7,11,0.636,6,25,31,11,6,2,14,12,Win
54,1/20/24,Home,Western Carolina,REG (Conf),65,62,No,26,63,0.413,7,19,0.368,19,44,0.432,0.468,6,12,0.5,11,28,39,11,10,1,9,13,24,60,0.4,6,22,0.273,18,38,0.474,0.45,8,11,0.727,10,27,37,11,1,8,11,15,Win
55,1/24/24,Home,Samford,REG (Conf),78,68,No,28,61,0.459,12,28,0.429,16,33,0.485,0.557,10,13,0.769,9,27,36,19,9,4,17,14,28,64,0.438,9,27,0.333,19,37,0.514,0.508,3,10,0.3,10,23,33,14,12,3,16,15,Win
56,1/27/24,Away,Wofford,REG (Conf),67,77,No,18,58,0.31,11,35,0.314,7,23,0.304,0.405,20,27,0.741,12,21,33,10,7,0,7,19,29,62,0.468,6,23,0.261,23,39,0.59,0.516,13,20,0.65,14,29,43,16,5,3,9,22,Lose
57,1/31/24,Away,The Citadel,REG (Conf),82,79,OT,31,66,0.47,11,33,0.333,20,33,0.606,0.553,9,11,0.818,5,25,30,19,8,4,9,19,30,63,0.476,7,19,0.368,23,44,0.523,0.532,12,16,0.75,6,26,32,13,4,0,11,13,Win
58,2/4/24,Home,UNC Greensboro,REG (Conf),87,89,No,26,54,0.481,12,30,0.4,14,24,0.583,0.593,23,27,0.852,6,16,22,18,5,1,7,17,29,54,0.537,13,22,0.591,16,32,0.5,0.657,18,19,0.947,8,20,28,19,6,6,11,21,Lose
59,2/7/24,Away,Mercer,REG (Conf),69,78,No,22,52,0.423,6,22,0.273,16,30,0.533,0.481,19,23,0.826,5,24,29,12,6,2,14,15,33,64,0.516,2,9,0.222,31,55,0.564,0.531,10,15,0.667,8,25,33,9,10,3,10,17,Lose
60,2/10/24,Away,East Tennessee State,REG (Conf),65,63,No,24,48,0.5,5,16,0.313,19,32,0.594,0.552,12,19,0.632,6,23,29,13,5,3,11,17,23,58,0.397,4,19,0.211,19,39,0.487,0.431,13,22,0.591,13,19,32,6,7,6,8,17,Win
61,2/14/24,Home,VMI,REG (Conf),75,62,No,28,66,0.424,9,31,0.29,19,35,0.543,0.492,10,16,0.625,13,35,48,18,5,2,14,15,24,68,0.353,4,18,0.222,20,50,0.4,0.382,10,15,0.667,9,27,36,6,10,3,6,13,Win
62,2/18/24,Home,Chattanooga,REG (Conf),82,65,No,29,60,0.483,11,27,0.407,18,33,0.545,0.575,13,15,0.867,8,30,38,20,3,4,9,18,19,56,0.339,8,28,0.286,11,28,0.393,0.411,19,23,0.826,10,23,33,13,6,4,12,18,Win
63,2/21/24,Away,Samford,REG (Conf),72,74,No,24,55,0.436,9,32,0.281,15,23,0.652,0.518,15,20,0.75,7,22,29,14,6,0,13,23,25,52,0.481,9,25,0.36,16,27,0.593,0.567,15,19,0.789,5,23,28,18,5,3,14,20,Lose
64,2/24/24,Home,Wofford,REG (Conf),82,67,No,28,60,0.467,12,33,0.364,16,27,0.593,0.567,14,20,0.7,10,18,28,14,9,3,3,13,25,57,0.439,12,28,0.429,13,29,0.448,0.544,5,12,0.417,10,25,35,16,2,2,12,14,Win
65,2/28/24,Away,Western Carolina,REG (Conf),77,85,No,25,61,0.41,11,35,0.314,14,26,0.538,0.5,16,20,0.8,7,22,29,11,5,4,7,20,30,55,0.545,8,19,0.421,22,36,0.611,0.618,17,23,0.739,5,26,31,15,2,4,7,18,Lose
66,3/2/24,Home,Mercer,REG (Conf),75,82,No,28,68,0.412,9,35,0.257,19,33,0.576,0.478,10,13,0.769,18,20,38,13,3,3,11,12,32,58,0.552,9,15,0.6,23,43,0.535,0.629,9,12,0.75,4,21,25,16,6,7,7,14,Lose
67,3/9/24,Neutral,Western Carolina,CTOURN,79,76,OT,29,63,0.46,11,29,0.379,18,34,0.529,0.548,10,16,0.625,5,24,29,14,9,3,5,10,31,62,0.5,8,19,0.421,23,43,0.535,0.565,6,11,0.545,7,28,35,12,2,0,12,14,Win
68,3/10/24,Neutral,Samford,CTOURN,77,84,No,21,61,0.344,11,38,0.289,10,23,0.435,0.434,24,31,0.774,11,20,31,12,8,5,9,23,28,51,0.549,6,21,0.286,22,30,0.733,0.608,22,32,0.688,6,29,35,15,8,5,14,21,Lose
69,11/7/22,Home,North Greenville,REG (Non-Conf),91,55,No,36,67,0.537,5,25,0.2,31,42,0.738,0.575,14,18,0.778,6,33,39,20,15,4,13,13,22,65,0.338,4,15,0.267,18,50,0.36,0.369,7,11,0.636,8,25,33,11,8,3,21,15,Win
70,11/11/22,Home,Belmont,REG (Non-Conf),89,74,No,35,60,0.583,8,19,0.421,27,41,0.659,0.65,11,15,0.733,8,30,38,20,5,3,14,16,29,64,0.453,12,31,0.387,17,33,0.515,0.547,4,13,0.308,7,13,20,9,8,3,8,15,Win
71,11/17/22,Neutral,Penn State,REG (Non-Conf),68,73,No,27,64,0.422,11,34,0.324,16,30,0.533,0.508,3,7,0.429,12,26,38,14,4,5,10,14,27,59,0.458,11,27,0.407,16,32,0.5,0.551,8,9,0.889,6,24,30,16,3,2,8,12,Lose
72,11/18/22,Neutral,Old Dominion,REG (Non-Conf),77,82,No,27,59,0.458,12,33,0.364,15,26,0.577,0.559,11,17,0.647,2,16,18,16,10,1,11,19,31,48,0.646,7,13,0.538,24,35,0.686,0.719,13,22,0.591,4,30,34,15,5,1,18,15,Lose
73,11/20/22,Neutral,South Carolina,REG (Non-Conf),79,60,No,30,59,0.508,12,27,0.444,18,32,0.563,0.61,7,9,0.778,9,21,30,22,9,3,12,15,22,49,0.449,7,22,0.318,15,27,0.556,0.52,9,16,0.563,5,19,24,13,3,3,17,10,Win
74,11/25/22,Home,Tusculum,REG (Non-Conf),102,74,No,39,65,0.6,11,19,0.579,28,46,0.609,0.685,13,15,0.867,9,25,34,24,8,2,14,9,30,66,0.455,12,31,0.387,18,35,0.514,0.545,2,4,0.5,8,12,20,18,9,4,16,14,Win
75,11/29/22,Away,Appalachian State,REG (Non-Conf),65,61,No,24,63,0.381,7,29,0.241,17,34,0.5,0.437,10,12,0.833,9,27,36,18,10,2,10,16,22,51,0.431,5,20,0.25,17,31,0.548,0.48,12,18,0.667,4,29,33,7,4,6,17,14,Win
76,12/3/22,Home,South Carolina State,REG (Non-Conf),88,76,No,32,57,0.561,8,22,0.364,24,35,0.686,0.632,16,19,0.842,7,24,31,22,9,4,20,15,31,66,0.47,4,16,0.25,27,50,0.54,0.5,10,13,0.769,9,18,27,21,12,5,17,18,Win
77,12/6/22,Home,High Point,REG (Non-Conf),82,85,No,32,70,0.457,9,32,0.281,23,38,0.605,0.521,9,12,0.75,7,17,24,18,6,5,5,16,32,54,0.593,11,17,0.647,21,37,0.568,0.694,10,18,0.556,3,28,31,11,2,2,13,12,Lose
78,12/10/22,Home,Winthrop,REG (Non-Conf),82,67,No,32,59,0.542,8,22,0.364,24,37,0.649,0.61,10,17,0.588,11,22,33,19,9,4,12,20,24,49,0.49,5,21,0.238,19,28,0.679,0.541,14,16,0.875,3,18,21,12,3,3,14,14,Win
79,12/13/22,Away,NC State,REG (Non-Conf),73,92,No,27,62,0.435,9,32,0.281,18,30,0.6,0.508,10,17,0.588,10,27,37,18,11,3,20,18,31,66,0.47,12,31,0.387,19,35,0.543,0.561,18,24,0.75,13,25,38,16,17,4,14,16,Lose
80,12/17/22,Neutral,Stephen F. Austin,REG (Non-Conf),72,70,No,24,46,0.522,6,21,0.286,18,25,0.72,0.587,18,21,0.857,7,25,32,14,5,4,18,21,24,58,0.414,8,20,0.4,16,38,0.421,0.483,14,23,0.609,13,15,28,15,11,1,12,18,Win
81,12/19/22,Home,Anderson (SC),REG (Non-Conf),106,79,No,35,69,0.507,17,44,0.386,18,25,0.72,0.63,19,24,0.792,10,24,34,29,11,7,8,13,31,63,0.492,10,25,0.4,21,38,0.553,0.571,7,10,0.7,6,24,30,12,5,2,16,16,Win
82,12/29/22,Home,VMI,REG (Conf),85,62,No,30,64,0.469,16,40,0.4,14,24,0.583,0.594,9,16,0.563,8,29,37,25,5,3,10,15,23,61,0.377,5,17,0.294,18,44,0.409,0.418,11,11,1,6,25,31,13,6,2,9,14,Win
83,12/31/22,Away,Western Carolina,REG (Conf),67,79,No,24,49,0.49,8,23,0.348,16,26,0.615,0.571,11,18,0.611,5,16,21,13,7,2,12,17,28,54,0.519,10,22,0.455,18,32,0.563,0.611,13,16,0.813,10,22,32,12,4,0,13,17,Lose
84,1/4/23,Home,The Citadel,REG (Conf),97,72,No,32,55,0.582,12,26,0.462,20,29,0.69,0.691,21,24,0.875,4,32,36,23,4,2,11,23,24,59,0.407,6,18,0.333,18,41,0.439,0.458,18,30,0.6,4,18,22,10,6,3,7,16,Win
85,1/7/23,Away,East Tennessee State,REG (Conf),70,56,No,25,60,0.417,11,34,0.324,14,26,0.538,0.508,9,10,0.9,10,25,35,15,7,2,10,17,20,60,0.333,3,21,0.143,17,39,0.436,0.358,13,16,0.813,15,24,39,7,6,3,15,16,Win
86,1/11/23,Away,Mercer,REG (Conf),84,66,No,28,54,0.519,10,16,0.625,18,38,0.474,0.611,18,24,0.75,7,19,26,15,3,1,7,16,26,62,0.419,3,15,0.2,23,47,0.489,0.444,11,15,0.733,15,21,36,9,5,1,11,23,Win
87,1/14/23,Home,UNC Greensboro,REG (Conf),80,88,OT,27,60,0.45,9,26,0.346,18,34,0.529,0.525,17,20,0.85,6,24,30,9,5,4,13,29,24,53,0.453,7,14,0.5,17,39,0.436,0.519,33,41,0.805,7,28,35,15,9,1,10,18,Lose
88,1/18/23,Away,Chattanooga,REG (Conf),77,69,No,25,58,0.431,7,27,0.259,18,31,0.581,0.491,20,25,0.8,9,21,30,8,3,2,9,20,22,54,0.407,8,29,0.276,14,25,0.56,0.481,17,25,0.68,10,22,32,7,5,4,14,19,Win
89,1/22/23,Away,Wofford,REG (Conf),96,82,No,31,62,0.5,11,31,0.355,20,31,0.645,0.589,23,29,0.793,11,26,37,10,2,1,8,18,31,63,0.492,8,21,0.381,23,42,0.548,0.556,12,17,0.706,7,22,29,10,5,3,5,21,Win
90,1/25/23,Home,Samford,REG (Conf),91,84,OT,28,70,0.4,8,34,0.235,20,36,0.556,0.457,27,34,0.794,15,23,38,18,9,3,7,20,32,59,0.542,7,21,0.333,25,38,0.658,0.602,13,19,0.684,4,28,32,11,5,4,15,26,Win
91,1/29/23,Away,UNC Greensboro,REG (Conf),69,57,No,23,47,0.489,8,17,0.471,15,30,0.5,0.574,15,26,0.577,5,22,27,13,7,1,9,17,23,53,0.434,2,12,0.167,21,41,0.512,0.453,9,14,0.643,5,22,27,10,4,2,12,23,Win
92,2/1/23,Home,Chattanooga,REG (Conf),79,58,No,26,63,0.413,7,28,0.25,19,35,0.543,0.468,20,25,0.8,18,31,49,19,6,6,13,16,20,60,0.333,9,23,0.391,11,37,0.297,0.408,9,16,0.563,9,18,27,11,6,4,12,22,Win
93,2/4/23,Home,Wofford,REG (Conf),80,67,No,31,66,0.47,10,29,0.345,21,37,0.568,0.545,8,9,0.889,12,21,33,15,8,3,6,13,25,50,0.5,7,18,0.389,18,32,0.563,0.57,10,17,0.588,5,22,27,11,3,2,14,6,Win
94,2/8/23,Away,VMI,REG (Conf),94,63,No,36,67,0.537,17,45,0.378,19,22,0.864,0.664,5,6,0.833,12,23,35,30,7,6,11,14,22,61,0.361,5,20,0.25,17,41,0.415,0.402,14,16,0.875,13,15,28,8,2,0,14,12,Win
95,2/11/23,Home,Western Carolina,REG (Conf),93,59,No,34,69,0.493,7,19,0.368,27,50,0.54,0.543,18,28,0.643,12,36,48,21,6,3,6,19,20,63,0.317,3,15,0.2,17,48,0.354,0.341,16,28,0.571,8,26,34,2,3,2,7,22,Win
96,2/15/23,Away,The Citadel,REG (Conf),65,69,No,24,55,0.436,9,28,0.321,15,27,0.556,0.518,8,13,0.615,9,22,31,17,4,5,12,12,27,58,0.466,5,18,0.278,22,40,0.55,0.509,10,12,0.833,10,23,33,8,9,8,6,15,Lose
97,2/19/23,Home,East Tennessee State,REG (Conf),83,79,No,30,61,0.492,8,26,0.308,22,35,0.629,0.557,15,20,0.75,11,19,30,20,7,2,5,12,30,55,0.545,10,20,0.5,20,35,0.571,0.636,9,12,0.75,8,20,28,16,3,4,13,14,Win
98,2/22/23,Home,Mercer,REG (Conf),70,67,No,21,46,0.457,5,18,0.278,16,28,0.571,0.511,23,35,0.657,8,21,29,11,6,4,14,15,26,58,0.448,5,17,0.294,21,41,0.512,0.491,10,14,0.714,13,19,32,10,6,2,14,28,Win
99,2/25/23,Away,Samford,REG (Conf),93,79,No,29,53,0.547,14,28,0.5,15,25,0.6,0.679,21,24,0.875,8,23,31,14,5,3,14,19,27,57,0.474,6,21,0.286,21,36,0.583,0.526,19,25,0.76,9,15,24,10,10,1,10,19,Win
100,3/4/23,Neutral,Mercer,REG (Non-Conf),73,58,No,23,47,0.489,9,24,0.375,14,23,0.609,0.585,18,25,0.72,7,20,27,9,9,1,10,12,21,57,0.368,3,23,0.13,18,34,0.529,0.395,13,14,0.929,15,18,33,5,4,0,12,20,Win
101,3/5/23,Neutral,Western Carolina,REG (Non-Conf),83,80,OT,23,59,0.39,7,31,0.226,16,28,0.571,0.449,30,46,0.652,12,23,35,11,6,6,2,18,30,68,0.441,5,21,0.238,25,47,0.532,0.478,15,19,0.789,11,32,43,11,0,2,8,24,Win
102,3/6/23,Neutral,Chattanooga,REG (Non-Conf),88,79,No,28,58,0.483,8,25,0.32,20,33,0.606,0.552,24,30,0.8,5,28,33,11,3,2,8,23,27,59,0.458,9,26,0.346,18,33,0.545,0.534,16,20,0.8,5,28,33,15,4,2,9,22,Win
103,3/16/23,Neutral,Virginia,ROUND-64,68,67,No,22,56,0.393,10,28,0.357,12,28,0.429,0.482,14,19,0.737,5,22,27,12,4,3,9,17,24,54,0.444,2,12,0.167,22,42,0.524,0.463,17,22,0.773,8,27,35,13,4,7,8,13,Win
104,3/18/23,Neutral,San Diego State,ROUND-32,52,75,No,16,50,0.32,6,26,0.231,10,24,0.417,0.38,14,18,0.778,4,13,17,7,3,3,9,17,29,58,0.5,6,20,0.3,23,38,0.605,0.552,11,14,0.786,8,29,37,17,5,6,10,18,Lose
105,11/9/21,Home,North Greenville,REG (Non-Conf),118,66,No,46,82,0.561,22,44,0.5,24,38,0.632,0.695,4,6,0.667,14,31,45,34,12,0,10,10,27,66,0.409,5,18,0.278,22,48,0.458,0.447,7,9,0.778,7,22,29,11,7,1,18,11,Win
106,11/12/21,Away,Louisville,REG (Non-Conf),80,72,OT,24,61,0.393,12,28,0.429,12,33,0.364,0.492,20,26,0.769,4,37,41,16,4,2,11,18,25,69,0.362,7,29,0.241,18,40,0.45,0.413,15,19,0.789,6,33,39,14,5,3,7,19,Win
107,11/15/21,Away,Belmont,REG (Non-Conf),89,95,OT,36,73,0.493,12,31,0.387,24,42,0.571,0.575,5,6,0.833,9,23,32,19,12,6,20,18,35,70,0.5,10,26,0.385,25,44,0.568,0.571,15,18,0.833,12,22,34,15,9,6,15,11,Lose
108,11/19/21,Home,Radford,REG (Non-Conf),81,64,No,26,54,0.481,9,19,0.474,17,35,0.486,0.565,20,22,0.909,7,24,31,18,11,3,12,9,24,64,0.375,8,26,0.308,16,38,0.421,0.438,8,8,1,11,21,32,13,8,4,15,19,Win
109,11/21/21,Home,Navy,REG (Non-Conf),66,77,No,26,59,0.441,9,30,0.3,17,29,0.586,0.517,5,11,0.455,4,20,24,21,8,6,10,12,34,56,0.607,4,12,0.333,30,44,0.682,0.643,5,7,0.714,3,27,30,16,5,1,10,10,Lose
110,11/27/21,Away,USC Upstate,REG (Non-Conf),87,77,No,33,60,0.55,13,28,0.464,20,32,0.625,0.658,8,10,0.8,9,20,29,18,7,4,12,9,31,61,0.508,9,18,0.5,22,43,0.512,0.582,6,7,0.857,7,17,24,16,8,5,10,10,Win
111,11/30/21,Away,High Point,REG (Non-Conf),74,70,2OT,27,71,0.38,7,27,0.259,20,44,0.455,0.43,13,25,0.52,17,34,51,11,6,5,14,23,25,68,0.368,6,24,0.25,19,44,0.432,0.412,14,28,0.5,8,31,39,11,8,10,12,19,Win
112,12/3/21,Home,College of Charleston,REG (Non-Conf),91,88,OT,27,62,0.435,10,29,0.345,17,33,0.515,0.516,27,39,0.692,13,17,30,12,14,5,15,16,32,63,0.508,10,24,0.417,22,39,0.564,0.587,14,17,0.824,9,29,38,14,8,3,22,31,Win
113,12/7/21,Away,Winthrop,REG (Non-Conf),80,85,No,28,60,0.467,15,36,0.417,13,24,0.542,0.592,9,11,0.818,7,18,25,18,5,2,12,14,32,57,0.561,9,17,0.529,23,40,0.575,0.64,12,14,0.857,7,22,29,15,4,2,10,15,Lose
114,12/10/21,Home,Appalachian State,REG (Non-Conf),73,65,No,28,57,0.491,8,25,0.32,20,32,0.625,0.561,9,12,0.75,7,25,32,21,5,2,9,16,25,63,0.397,6,25,0.24,19,38,0.5,0.444,9,14,0.643,13,23,36,13,6,2,10,13,Win
115,12/14/21,Away,North Carolina,REG (Non-Conf),61,74,No,24,60,0.4,10,33,0.303,14,27,0.519,0.483,3,3,1,4,19,23,18,7,3,7,15,30,60,0.5,5,16,0.313,25,44,0.568,0.542,9,14,0.643,12,30,42,18,3,2,8,10,Lose
116,12/17/21,Away,Mississippi State,REG (Non-Conf),66,69,No,25,46,0.543,14,27,0.519,11,19,0.579,0.696,2,5,0.4,1,20,21,16,8,1,17,17,25,49,0.51,5,16,0.313,20,33,0.606,0.561,14,21,0.667,8,19,27,17,12,4,12,12,Lose
117,12/21/21,Home,Presbyterian,REG (Non-Conf),75,61,No,28,47,0.596,10,18,0.556,18,29,0.621,0.702,9,15,0.6,6,23,29,14,5,4,12,10,26,58,0.448,4,16,0.25,22,42,0.524,0.483,5,6,0.833,8,11,19,12,8,2,12,15,Win
118,12/29/21,Home,Samford,REG (Conf),81,49,No,27,66,0.409,13,39,0.333,14,27,0.519,0.508,14,19,0.737,7,37,44,21,12,3,16,13,18,61,0.295,4,26,0.154,14,35,0.4,0.328,9,14,0.643,6,28,34,5,12,2,17,12,Win
119,1/1/22,Away,VMI,REG (Conf),67,76,No,25,62,0.403,12,39,0.308,13,23,0.565,0.5,5,6,0.833,7,20,27,15,10,2,7,11,29,57,0.509,14,30,0.467,15,27,0.556,0.632,4,4,1,6,27,33,19,5,3,12,7,Lose
120,1/5/22,Away,UNC Greensboro,REG (Conf),58,54,No,20,50,0.4,12,31,0.387,8,19,0.421,0.52,6,8,0.75,6,16,22,12,12,4,9,8,23,55,0.418,5,16,0.313,18,39,0.462,0.464,3,3,1,9,24,33,12,7,0,15,13,Win
121,1/8/22,Home,Mercer,REG (Conf),81,66,No,24,56,0.429,10,26,0.385,14,30,0.467,0.518,23,26,0.885,10,27,37,18,8,7,11,13,25,61,0.41,7,19,0.368,18,42,0.429,0.467,9,11,0.818,6,20,26,15,2,2,12,16,Win
122,1/12/22,Home,East Tennessee State,REG (Conf),78,69,No,28,62,0.452,11,35,0.314,17,27,0.63,0.54,11,16,0.688,10,23,33,18,8,2,9,14,27,56,0.482,5,21,0.238,22,35,0.629,0.527,10,13,0.769,7,22,29,14,6,2,13,16,Win
123,1/15/22,Away,Chattanooga,REG (Conf),69,71,No,25,56,0.446,9,23,0.391,16,33,0.485,0.527,10,11,0.909,7,16,23,10,6,2,5,11,28,59,0.475,9,23,0.391,19,36,0.528,0.551,6,7,0.857,9,24,33,12,5,2,10,12,Lose
124,1/19/22,Home,Western Carolina,REG (Conf),88,50,No,29,64,0.453,21,44,0.477,8,20,0.4,0.617,9,10,0.9,9,30,39,25,9,3,9,14,18,53,0.34,4,23,0.174,14,30,0.467,0.377,10,18,0.556,7,24,31,9,7,1,13,12,Win
125,1/22/22,Away,Wofford,REG (Conf),75,50,No,26,52,0.5,18,37,0.486,8,15,0.533,0.673,5,7,0.714,7,21,28,18,5,6,8,18,17,45,0.378,5,15,0.333,12,30,0.4,0.433,11,16,0.688,9,16,25,11,5,1,8,10,Win
126,1/26/22,Home,VMI,REG (Conf),79,64,No,28,67,0.418,14,41,0.341,14,26,0.538,0.522,9,13,0.692,17,29,46,19,8,9,11,10,23,56,0.411,8,23,0.348,15,33,0.455,0.482,10,14,0.714,7,24,31,14,5,3,12,15,Win
127,1/29/22,Away,Mercer,REG (Conf),80,50,No,29,61,0.475,12,33,0.364,17,28,0.607,0.574,10,13,0.769,13,19,32,20,16,2,10,18,18,44,0.409,3,16,0.188,15,28,0.536,0.443,11,14,0.786,8,19,27,8,5,2,21,12,Win
128,2/2/22,Home,The Citadel,REG (Conf),102,83,No,39,71,0.549,16,32,0.5,23,39,0.59,0.662,8,12,0.667,5,24,29,22,12,5,8,16,26,60,0.433,15,32,0.469,11,28,0.393,0.558,16,19,0.842,9,24,33,16,5,5,17,13,Win
129,2/5/22,Home,UNC Greensboro,REG (Conf),56,58,No,19,63,0.302,6,28,0.214,13,35,0.371,0.349,12,13,0.923,15,18,33,11,10,4,10,13,25,53,0.472,5,15,0.333,20,38,0.526,0.519,3,6,0.5,11,27,38,13,8,4,14,15,Lose
130,2/7/22,Away,East Tennessee State,REG (Conf),71,75,No,28,54,0.519,11,30,0.367,17,24,0.708,0.62,4,6,0.667,5,16,21,17,5,5,7,20,23,46,0.5,10,19,0.526,13,27,0.481,0.609,19,25,0.76,4,22,26,17,4,0,6,11,Lose
131,2/12/22,Home,Chattanooga,REG (Conf),58,64,No,23,52,0.442,4,23,0.174,19,29,0.655,0.481,8,12,0.667,4,19,23,13,6,5,10,13,27,58,0.466,3,20,0.15,24,38,0.632,0.491,7,9,0.778,10,25,35,12,5,1,12,12,Lose
132,2/16/22,Away,Western Carolina,REG (Conf),103,85,No,34,71,0.479,15,36,0.417,19,35,0.543,0.585,20,23,0.87,16,20,36,17,3,1,6,20,29,59,0.492,11,26,0.423,18,33,0.545,0.585,16,21,0.762,9,19,28,16,2,7,7,17,Win
133,2/19/22,Home,Wofford,REG (Conf),70,69,No,25,53,0.472,10,26,0.385,15,27,0.556,0.566,10,11,0.909,5,21,26,17,5,3,10,20,22,48,0.458,9,23,0.391,13,25,0.52,0.552,16,24,0.667,9,19,28,14,7,3,9,14,Win
134,2/23/22,Away,Samford,REG (Conf),75,83,No,28,64,0.438,12,35,0.343,16,29,0.552,0.531,7,9,0.778,8,17,25,19,5,1,7,17,31,52,0.596,7,15,0.467,24,37,0.649,0.663,14,19,0.737,6,22,28,11,4,2,10,13,Lose
135,2/26/22,Away,The Citadel,REG (Conf),94,59,No,36,63,0.571,17,35,0.486,19,28,0.679,0.706,5,5,1,6,24,30,24,8,3,8,16,22,61,0.361,6,26,0.231,16,35,0.457,0.41,9,12,0.75,12,18,30,12,4,7,13,8,Win
136,3/5/22,Neutral,Mercer,CTOURN,80,66,No,27,51,0.529,9,22,0.409,18,29,0.621,0.618,17,19,0.895,2,17,19,16,7,2,4,13,28,51,0.549,3,13,0.231,25,38,0.658,0.578,7,10,0.7,5,19,24,10,1,3,9,13,Win
137,3/6/22,Neutral,Samford,CTOURN,71,68,No,24,56,0.429,9,32,0.281,15,24,0.625,0.509,14,20,0.7,9,15,24,14,15,1,10,20,22,40,0.55,9,18,0.5,13,22,0.591,0.663,15,22,0.682,6,25,31,13,7,1,19,19,Win
138,3/7/22,Neutral,Chattanooga,CTOURN,63,64,OT,23,52,0.442,9,32,0.281,14,20,0.7,0.529,8,11,0.727,5,22,27,9,7,6,9,11,26,62,0.419,6,25,0.24,20,37,0.541,0.468,6,8,0.75,10,25,35,12,3,1,11,12,Lose
139,11/25/20,Home,Tusculum,REG (Non-Conf),95,62,No,35,66,0.53,6,21,0.286,29,45,0.644,0.576,19,24,0.792,10,32,42,25,7,4,8,18,24,60,0.4,4,21,0.19,20,39,0.513,0.433,10,18,0.556,4,22,26,9,3,2,12,15,Win
140,11/28/20,Home,USC Upstate,REG (Non-Conf),91,63,No,28,52,0.538,8,22,0.364,20,30,0.667,0.615,27,34,0.794,7,31,38,19,11,4,19,18,25,66,0.379,8,21,0.381,17,45,0.378,0.439,5,10,0.5,11,20,31,11,10,3,21,25,Win
141,12/2/20,Home,S Wesleyan,REG (Non-Conf),89,49,No,35,68,0.515,5,24,0.208,30,44,0.682,0.551,14,21,0.667,14,36,50,18,13,2,10,19,18,56,0.321,4,26,0.154,14,30,0.467,0.357,9,21,0.429,8,18,26,13,7,3,19,19,Win
142,12/5/20,Away,College of Charleston,REG (Non-Conf),81,57,No,30,58,0.517,16,34,0.471,14,24,0.583,0.655,5,6,0.833,5,24,29,20,6,6,11,18,23,63,0.365,5,23,0.217,18,40,0.45,0.405,6,14,0.429,16,21,37,10,6,2,14,11,Win
143,12/9/20,Away,Cincinnati,REG (Non-Conf),73,78,No,23,58,0.397,7,28,0.25,16,30,0.533,0.457,20,27,0.741,7,15,22,15,6,3,8,23,27,48,0.563,4,13,0.308,23,35,0.657,0.604,20,29,0.69,4,27,31,18,4,5,14,21,Lose
144,12/12/20,Home,Flagler,REG (Non-Conf),86,61,No,31,62,0.5,12,34,0.353,19,28,0.679,0.597,12,17,0.706,7,31,38,18,12,4,16,20,23,54,0.426,6,25,0.24,17,29,0.586,0.481,9,20,0.45,4,24,28,16,12,2,19,12,Win
145,12/15/20,Away,Alabama,REG (Non-Conf),80,83,No,28,59,0.475,13,36,0.361,15,23,0.652,0.585,11,13,0.846,4,22,26,16,8,1,9,21,30,67,0.448,10,31,0.323,20,36,0.556,0.522,13,25,0.52,17,23,40,19,5,4,10,14,Lose
146,12/19/20,Away,Winthrop,REG (Non-Conf),71,87,No,21,55,0.382,6,28,0.214,15,27,0.556,0.436,23,34,0.676,8,26,34,12,9,3,22,26,30,56,0.536,8,20,0.4,22,36,0.611,0.607,19,29,0.655,5,28,33,18,13,3,18,25,Lose
147,12/21/20,Home,South Carolina State,REG (Non-Conf),118,52,No,42,60,0.7,21,35,0.6,21,25,0.84,0.875,13,18,0.722,8,29,37,33,12,3,15,16,19,60,0.317,4,18,0.222,15,42,0.357,0.35,10,16,0.625,11,13,24,6,12,2,20,15,Win
148,12/30/20,Away,Chattanooga,REG (Conf),77,73,No,29,56,0.518,4,14,0.286,25,42,0.595,0.554,15,20,0.75,7,23,30,8,3,3,7,13,26,55,0.473,13,26,0.5,13,29,0.448,0.591,8,9,0.889,5,20,25,16,3,3,10,12,Win
149,1/2/21,Home,Mercer,REG (Conf),83,80,No,31,58,0.534,10,24,0.417,21,34,0.618,0.621,11,15,0.733,4,17,21,17,14,4,11,17,30,54,0.556,7,18,0.389,23,36,0.639,0.62,13,20,0.65,9,26,35,19,8,4,18,13,Win
150,1/13/21,Away,The Citadel,REG (Conf),94,88,No,37,72,0.514,8,24,0.333,29,48,0.604,0.569,12,18,0.667,10,26,36,21,13,3,14,21,30,65,0.462,12,34,0.353,18,31,0.581,0.554,16,20,0.8,9,27,36,15,4,8,20,20,Win
151,1/16/21,Home,East Tennessee State,REG (Conf),78,66,No,29,56,0.518,8,26,0.308,21,30,0.7,0.589,12,15,0.8,10,23,33,16,6,4,16,15,26,57,0.456,4,20,0.2,22,37,0.595,0.491,10,18,0.556,13,17,30,12,8,1,15,13,Win
152,1/20/21,Away,VMI,REG (Conf),73,74,No,27,73,0.37,12,39,0.308,15,34,0.441,0.452,7,9,0.778,16,22,38,16,11,1,7,18,24,51,0.471,11,25,0.44,13,26,0.5,0.578,15,22,0.682,7,25,32,14,4,3,13,10,Lose
153,1/23/21,Away,East Tennessee State,REG (Conf),62,71,No,25,60,0.417,8,31,0.258,17,29,0.586,0.483,4,7,0.571,9,17,26,14,4,1,10,19,24,54,0.444,10,24,0.417,14,30,0.467,0.537,13,18,0.722,10,26,36,13,6,2,13,12,Lose
154,1/30/21,Away,Western Carolina,REG (Conf),75,69,No,30,56,0.536,9,21,0.429,21,35,0.6,0.616,6,11,0.545,3,25,28,15,6,4,12,13,25,61,0.41,12,31,0.387,13,30,0.433,0.508,7,9,0.778,7,23,30,14,7,6,11,15,Win
155,2/6/21,Home,Wofford,REG (Conf),67,75,No,26,64,0.406,12,40,0.3,14,24,0.583,0.5,3,6,0.5,12,23,35,15,11,3,15,17,28,57,0.491,10,25,0.4,18,32,0.563,0.579,9,13,0.692,8,26,34,19,12,2,14,7,Lose
156,2/8/21,Home,UNC Greensboro,REG (Conf),68,49,No,27,57,0.474,7,23,0.304,20,34,0.588,0.535,7,10,0.7,7,35,42,15,6,8,18,15,18,62,0.29,2,18,0.111,16,44,0.364,0.306,11,13,0.846,7,21,28,5,12,2,15,12,Win
157,2/10/21,Away,UNC Greensboro,REG (Conf),58,64,No,18,57,0.316,9,34,0.265,9,23,0.391,0.395,13,18,0.722,18,21,39,10,6,3,18,17,22,48,0.458,6,18,0.333,16,30,0.533,0.521,14,20,0.7,7,17,24,9,7,2,11,16,Lose
158,2/13/21,Home,Western Carolina,REG (Conf),88,70,No,34,69,0.493,14,36,0.389,20,33,0.606,0.594,6,8,0.75,6,23,29,20,8,1,7,22,26,51,0.51,7,20,0.35,19,31,0.613,0.578,11,21,0.524,6,25,31,12,3,3,18,15,Win
159,2/17/21,Home,Samford,REG (Conf),78,64,No,30,58,0.517,13,35,0.371,17,23,0.739,0.629,5,9,0.556,6,22,28,20,8,3,10,13,25,57,0.439,7,21,0.333,18,36,0.5,0.5,7,11,0.636,9,23,32,10,8,0,16,14,Win
160,2/20/21,Away,Mercer,REG (Conf),70,60,No,24,46,0.522,5,18,0.278,19,28,0.679,0.576,17,19,0.895,3,28,31,9,3,4,10,13,23,58,0.397,5,20,0.25,18,38,0.474,0.44,9,11,0.818,4,18,22,12,6,1,8,15,Win
161,2/24/21,Home,The Citadel,REG (Conf),72,63,No,30,55,0.545,8,27,0.296,22,28,0.786,0.618,4,9,0.444,4,30,34,16,6,9,11,13,26,63,0.413,4,17,0.235,22,46,0.478,0.444,7,10,0.7,5,21,26,14,8,0,7,10,Win
162,2/27/21,Away,Wofford,REG (Conf),73,74,No,26,57,0.456,9,27,0.333,17,30,0.567,0.535,12,15,0.8,8,16,24,12,9,2,8,9,29,49,0.592,8,18,0.444,21,31,0.677,0.673,8,10,0.8,3,21,24,13,5,2,13,13,Lose
163,3/6/21,Neutral,VMI,CTOURN,90,91,OT,34,67,0.507,12,27,0.444,22,40,0.55,0.597,10,15,0.667,4,25,29,16,7,1,9,14,34,68,0.5,10,26,0.385,24,42,0.571,0.574,13,16,0.813,8,29,37,9,6,4,10,12,Lose
164,11/5/19,Away,Gardner-Webb,REG (Non-Conf),70,63,No,25,54,0.463,6,25,0.24,19,29,0.655,0.519,14,18,0.778,7,23,30,12,7,4,12,14,22,57,0.386,10,24,0.417,12,33,0.364,0.474,9,14,0.643,11,23,34,18,6,7,16,18,Win
165,11/8/19,Home,Loyola Chicago,REG (Non-Conf),87,63,No,31,56,0.554,8,20,0.4,23,36,0.639,0.625,17,24,0.708,5,19,24,18,12,2,9,12,29,55,0.527,4,14,0.286,25,41,0.61,0.564,1,3,0.333,7,23,30,13,3,3,22,20,Win
166,11/12/19,Away,Charleston Southern,REG (Non-Conf),91,47,No,35,65,0.538,11,28,0.393,24,37,0.649,0.623,10,11,0.909,12,30,42,14,6,3,11,10,20,61,0.328,4,23,0.174,16,38,0.421,0.361,3,4,0.75,9,17,26,13,5,2,15,11,Win
167,11/15/19,Home,S Wesleyan,REG (Non-Conf),83,61,No,32,59,0.542,11,27,0.407,21,32,0.656,0.636,8,10,0.8,7,23,30,20,10,5,12,13,26,58,0.448,7,18,0.389,19,40,0.475,0.509,2,5,0.4,10,20,30,15,6,1,18,13,Win
168,11/19/19,Away,Alabama,REG (Non-Conf),73,81,No,21,68,0.309,11,41,0.268,10,27,0.37,0.39,20,26,0.769,11,20,31,12,12,4,11,20,27,53,0.509,7,21,0.333,20,32,0.625,0.575,20,27,0.741,4,32,36,11,7,6,21,19,Lose
169,11/22/19,Home,Columbia Intl,REG (Non-Conf),90,45,No,38,59,0.644,7,17,0.412,31,42,0.738,0.703,7,12,0.583,6,28,34,21,12,5,9,8,19,56,0.339,6,23,0.261,13,33,0.394,0.393,1,2,0.5,6,16,22,11,5,0,19,14,Win
170,11/26/19,Away,Elon,REG (Non-Conf),97,61,No,36,68,0.529,17,37,0.459,19,31,0.613,0.654,8,9,0.889,7,24,31,19,11,1,10,21,18,51,0.353,5,24,0.208,13,27,0.481,0.402,20,24,0.833,3,20,23,10,7,2,19,13,Win
171,11/27/19,Neutral,UT Arlington,REG (Non-Conf),58,57,No,20,51,0.392,9,28,0.321,11,23,0.478,0.48,9,13,0.692,8,22,30,9,5,3,17,12,23,53,0.434,4,16,0.25,19,37,0.514,0.472,7,8,0.875,7,24,31,9,5,2,16,15,Win
172,12/2/19,Away,South Florida,REG (Non-Conf),55,65,No,20,56,0.357,7,28,0.25,13,28,0.464,0.42,8,12,0.667,4,24,28,10,8,0,9,20,21,53,0.396,9,23,0.391,12,30,0.4,0.481,14,22,0.636,12,31,43,13,5,3,15,16,Lose
173,12/5/19,Away,Auburn,REG (Non-Conf),78,81,OT,28,61,0.459,13,31,0.419,15,30,0.5,0.566,9,13,0.692,4,20,24,13,11,1,14,27,29,62,0.468,4,25,0.16,25,37,0.676,0.5,19,29,0.655,11,28,39,14,6,6,19,14,Lose
174,12/8/19,Home,USC Upstate,REG (Non-Conf),84,72,No,31,60,0.517,9,25,0.36,22,35,0.629,0.592,13,20,0.65,8,19,27,17,8,3,8,10,28,50,0.56,9,21,0.429,19,29,0.655,0.65,7,11,0.636,2,18,20,15,6,3,13,16,Win
175,12/11/19,Home,North Greenville,REG (Non-Conf),90,65,No,34,68,0.5,15,35,0.429,19,33,0.576,0.61,7,12,0.583,7,28,35,20,8,5,8,13,25,64,0.391,4,21,0.19,21,43,0.488,0.422,11,14,0.786,11,23,34,11,7,2,12,10,Win
176,12/14/19,Home,Winthrop,REG (Non-Conf),80,73,No,26,60,0.433,8,22,0.364,18,38,0.474,0.5,20,28,0.714,9,21,30,19,6,3,11,17,28,64,0.438,8,28,0.286,20,36,0.556,0.5,9,12,0.75,14,25,39,13,6,2,16,20,Win
177,12/20/19,Away,Mercer,REG (Conf),64,62,No,26,60,0.433,8,25,0.32,18,35,0.514,0.5,4,9,0.444,8,20,28,12,7,1,9,12,25,54,0.463,8,22,0.364,17,32,0.531,0.537,4,6,0.667,7,25,32,18,4,6,12,11,Win
178,1/1/20,Away,VMI,REG (Conf),89,73,No,28,49,0.571,13,24,0.542,15,25,0.6,0.704,20,25,0.8,4,22,26,12,6,1,16,15,25,60,0.417,8,29,0.276,17,31,0.548,0.483,15,20,0.75,7,17,24,15,12,1,12,17,Win
179,1/4/20,Home,East Tennessee State,REG (Conf),65,56,No,24,52,0.462,7,21,0.333,17,31,0.548,0.529,10,12,0.833,10,27,37,17,6,5,18,16,24,60,0.4,5,23,0.217,19,37,0.514,0.442,3,9,0.333,7,17,24,10,13,2,12,16,Win
180,1/8/20,Away,Chattanooga,REG (Conf),73,66,No,31,60,0.517,9,27,0.333,22,33,0.667,0.592,2,6,0.333,5,20,25,13,9,4,7,14,26,48,0.542,7,16,0.438,19,32,0.594,0.615,7,12,0.583,2,25,27,14,3,1,14,8,Win
181,1/11/20,Home,UNC Greensboro,REG (Conf),73,86,No,24,49,0.49,9,24,0.375,15,25,0.6,0.582,16,27,0.593,7,20,27,14,4,2,17,16,33,63,0.524,7,22,0.318,26,41,0.634,0.579,13,16,0.813,8,24,32,20,16,2,11,22,Lose
182,1/15/20,Home,Western Carolina,REG (Conf),83,79,No,28,61,0.459,8,29,0.276,20,32,0.625,0.525,19,25,0.76,8,25,33,16,4,3,7,15,30,63,0.476,13,31,0.419,17,32,0.531,0.579,6,8,0.75,5,26,31,19,4,0,10,18,Win
183,1/17/20,Away,Wofford,REG (Conf),52,66,No,20,51,0.392,7,28,0.25,13,23,0.565,0.461,5,10,0.5,3,22,25,10,5,1,14,11,28,57,0.491,8,22,0.364,20,35,0.571,0.561,2,3,0.667,5,24,29,15,4,3,10,10,Lose
184,1/22/20,Home,Samford,REG (Conf),101,78,No,38,71,0.535,17,39,0.436,21,32,0.656,0.655,8,13,0.615,10,20,30,30,10,5,11,16,27,56,0.482,8,23,0.348,19,33,0.576,0.554,16,20,0.8,9,24,33,14,7,4,21,15,Win
185,1/25/20,Away,The Citadel,REG (Conf),78,54,No,27,63,0.429,10,28,0.357,17,35,0.486,0.508,14,22,0.636,8,24,32,10,13,1,13,21,17,47,0.362,4,25,0.16,13,22,0.591,0.404,16,24,0.667,4,30,34,12,5,6,21,20,Win
186,1/29/20,Home,VMI,REG (Conf),74,72,OT,27,61,0.443,3,25,0.12,24,36,0.667,0.467,17,23,0.739,9,24,33,13,7,3,14,12,27,61,0.443,7,28,0.25,20,33,0.606,0.5,11,16,0.688,9,24,33,12,7,0,17,21,Win
187,2/5/20,Home,Mercer,REG (Conf),79,57,No,28,49,0.571,11,28,0.393,17,21,0.81,0.684,12,24,0.5,5,22,27,19,10,5,12,16,20,60,0.333,7,27,0.259,13,33,0.394,0.392,10,14,0.714,16,21,37,11,6,2,17,17,Win
188,2/8/20,Away,Western Carolina,REG (Conf),82,73,No,27,54,0.5,12,26,0.462,15,28,0.536,0.611,16,25,0.64,4,20,24,12,6,1,10,17,25,54,0.463,14,29,0.483,11,25,0.44,0.593,9,12,0.75,7,22,29,15,5,3,14,20,Win
189,2/12/20,Away,Samford,REG (Conf),86,71,No,31,60,0.517,14,26,0.538,17,34,0.5,0.633,10,13,0.769,7,20,27,23,10,3,13,22,23,54,0.426,4,11,0.364,19,43,0.442,0.463,21,26,0.808,10,23,33,11,9,3,20,13,Win
190,2/15/20,Home,Chattanooga,REG (Conf),58,53,No,19,47,0.404,3,18,0.167,16,29,0.552,0.436,17,25,0.68,4,30,34,12,5,3,11,14,17,56,0.304,6,29,0.207,11,27,0.407,0.357,13,14,0.929,3,29,32,11,8,0,7,15,Win
191,2/19/20,Away,East Tennessee State,REG (Conf),66,75,No,22,52,0.423,6,22,0.273,16,30,0.533,0.481,16,21,0.762,5,16,21,8,8,1,10,19,26,54,0.481,8,25,0.32,18,29,0.621,0.556,15,20,0.75,13,28,41,11,4,3,15,18,Lose
192,2/22/20,Home,Wofford,REG (Conf),67,66,No,24,59,0.407,5,24,0.208,19,35,0.543,0.449,14,19,0.737,7,17,24,9,11,3,5,11,25,58,0.431,9,32,0.281,16,26,0.615,0.509,7,10,0.7,10,25,35,14,3,1,14,15,Win
193,2/26/20,Away,UNC Greensboro,REG (Conf),81,67,No,27,53,0.509,10,21,0.476,17,32,0.531,0.604,17,19,0.895,4,19,23,15,7,1,12,13,24,52,0.462,11,26,0.423,13,26,0.5,0.567,8,11,0.727,6,17,23,16,7,5,15,19,Win
194,2/29/20,Home,The Citadel,REG (Conf),82,58,No,30,66,0.455,10,31,0.323,20,35,0.571,0.53,12,16,0.75,11,23,34,20,13,5,9,15,23,51,0.451,5,19,0.263,18,32,0.563,0.5,7,12,0.583,8,25,33,13,3,4,20,18,Win
195,3/7/20,Neutral,Wofford,CTOURN,68,77,No,23,55,0.418,8,29,0.276,15,26,0.577,0.491,14,19,0.737,2,19,21,6,7,3,10,23,24,50,0.48,9,22,0.409,15,28,0.536,0.57,20,27,0.741,6,29,35,13,7,1,14,18,Lose
196,11/6/18,Home,Bob Jones,REG (Non-Conf),102,48,No,38,68,0.559,13,34,0.382,25,34,0.735,0.654,13,21,0.619,12,22,34,21,7,2,3,11,20,47,0.426,3,11,0.273,17,36,0.472,0.457,5,9,0.556,5,19,24,8,2,0,20,19,Win
197,11/9/18,Away,Loyola Chicago,REG (Non-Conf),60,58,No,21,55,0.382,6,22,0.273,15,33,0.455,0.436,12,17,0.706,4,27,31,9,9,7,16,20,20,54,0.37,3,20,0.15,17,34,0.5,0.398,15,25,0.6,6,29,35,10,10,5,13,13,Win
198,11/13/18,Home,Gardner-Webb,REG (Non-Conf),88,86,OT,35,66,0.53,8,23,0.348,27,43,0.628,0.591,10,17,0.588,7,24,31,21,7,3,11,16,32,64,0.5,9,22,0.409,23,42,0.548,0.57,13,20,0.65,5,26,31,12,8,1,11,19,Win
199,11/15/18,Home,North Greenville,REG (Non-Conf),107,67,No,34,72,0.472,21,49,0.429,13,23,0.565,0.618,18,26,0.692,14,24,38,24,14,3,6,8,29,65,0.446,6,15,0.4,23,50,0.46,0.492,3,6,0.5,12,27,39,16,5,2,18,19,Win
200,11/17/18,Away,Villanova,REG (Non-Conf),76,68,OT,26,60,0.433,8,22,0.364,18,38,0.474,0.5,16,20,0.8,6,33,39,16,7,5,14,18,24,71,0.338,14,44,0.318,10,27,0.37,0.437,6,11,0.545,11,26,37,14,6,9,12,19,Win
201,11/21/18,Home,S Wesleyan,REG (Non-Conf),74,57,No,27,53,0.509,5,21,0.238,22,32,0.688,0.557,15,21,0.714,10,27,37,14,13,4,15,10,21,52,0.404,11,28,0.393,10,24,0.417,0.51,4,8,0.5,6,18,24,12,12,0,18,17,Win
202,11/25/18,Away,UNC Asheville,REG (Non-Conf),65,51,No,27,56,0.482,6,21,0.286,21,35,0.6,0.536,5,6,0.833,8,18,26,17,9,2,12,6,21,48,0.438,6,18,0.333,15,30,0.5,0.5,3,3,1,6,18,24,12,11,4,18,15,Win
203,12/1/18,Home,Western Carolina,REG (Conf),90,88,2OT,34,73,0.466,7,28,0.25,27,45,0.6,0.514,15,24,0.625,14,36,50,15,6,8,15,17,33,80,0.413,10,37,0.27,23,43,0.535,0.475,12,23,0.522,14,29,43,14,9,3,8,21,Win
204,12/4/18,Away,Elon,REG (Non-Conf),98,77,No,38,67,0.567,15,32,0.469,23,35,0.657,0.679,7,9,0.778,7,27,34,24,9,2,11,13,29,65,0.446,14,35,0.4,15,30,0.5,0.554,5,8,0.625,8,19,27,22,5,6,14,13,Win
205,12/8/18,Away,USC Upstate,REG (Non-Conf),74,60,No,28,61,0.459,12,29,0.414,16,32,0.5,0.557,6,13,0.462,10,25,35,17,10,4,14,16,22,57,0.386,7,19,0.368,15,38,0.395,0.447,9,16,0.563,10,23,33,9,8,7,17,15,Win
206,12/11/18,Home,Charleston Southern,REG (Non-Conf),77,69,No,28,59,0.475,12,27,0.444,16,32,0.5,0.576,9,15,0.6,12,25,37,16,11,7,18,14,25,62,0.403,10,22,0.455,15,40,0.375,0.484,9,12,0.75,11,22,33,12,8,4,17,15,Win
207,12/15/18,Home,UNC Wilmington,REG (Non-Conf),93,50,No,36,76,0.474,17,46,0.37,19,30,0.633,0.586,4,5,0.8,13,29,42,24,11,7,5,10,21,60,0.35,2,13,0.154,19,47,0.404,0.367,6,9,0.667,9,23,32,11,2,1,15,12,Win
208,12/21/18,Away,Louisiana State,REG (Non-Conf),57,75,No,21,56,0.375,9,31,0.29,12,25,0.48,0.455,6,9,0.667,7,13,20,8,10,2,17,16,31,56,0.554,4,13,0.308,27,43,0.628,0.589,9,15,0.6,12,28,40,12,11,4,17,15,Lose
209,12/29/18,Away,East Tennessee State,REG (Conf),56,79,No,20,54,0.37,5,22,0.227,15,32,0.469,0.417,11,16,0.688,6,12,18,9,4,4,7,11,30,50,0.6,7,16,0.438,23,34,0.676,0.67,12,15,0.8,5,26,31,18,3,5,11,15,Lose
210,1/3/19,Home,Mercer,REG (Conf),71,58,No,25,54,0.463,10,28,0.357,15,26,0.577,0.556,11,17,0.647,9,25,34,16,8,3,15,15,21,58,0.362,4,19,0.211,17,39,0.436,0.397,12,21,0.571,11,21,32,7,11,3,13,18,Win
211,1/5/19,Home,The Citadel,REG (Conf),101,85,No,37,79,0.468,13,38,0.342,24,41,0.585,0.551,14,21,0.667,19,32,51,15,11,3,13,12,32,69,0.464,14,43,0.326,18,26,0.692,0.565,7,8,0.875,3,23,26,16,8,4,14,18,Win
212,1/10/19,Away,VMI,REG (Conf),89,57,No,29,64,0.453,15,34,0.441,14,30,0.467,0.57,16,17,0.941,4,32,36,21,11,4,11,14,21,57,0.368,5,22,0.227,16,35,0.457,0.412,10,15,0.667,4,29,33,10,6,2,18,14,Win
213,1/12/19,Away,UNC Greensboro,REG (Conf),79,89,No,27,51,0.529,10,18,0.556,17,33,0.515,0.627,15,17,0.882,8,15,23,11,8,1,20,20,32,62,0.516,11,24,0.458,21,38,0.553,0.605,14,18,0.778,13,15,28,15,10,7,13,19,Lose
214,1/19/19,Away,Wofford,REG (Conf),54,59,No,20,57,0.351,7,27,0.259,13,30,0.433,0.412,7,10,0.7,10,19,29,12,5,3,10,16,21,54,0.389,8,25,0.32,13,29,0.448,0.463,9,17,0.529,11,23,34,11,4,3,12,15,Lose
215,1/24/19,Home,Chattanooga,REG (Conf),73,58,No,29,54,0.537,11,25,0.44,18,29,0.621,0.639,4,5,0.8,6,21,27,17,12,3,10,11,22,55,0.4,5,21,0.238,17,34,0.5,0.445,9,10,0.9,12,17,29,10,4,3,14,11,Win
216,1/26/19,Home,Samford,REG (Conf),73,75,No,27,63,0.429,8,31,0.258,19,32,0.594,0.492,11,14,0.786,12,23,35,17,8,1,15,15,26,58,0.448,10,25,0.4,16,33,0.485,0.534,13,16,0.813,6,25,31,17,5,5,13,16,Lose
217,1/31/19,Away,The Citadel,REG (Conf),71,61,No,25,55,0.455,13,40,0.325,12,15,0.8,0.573,8,13,0.615,6,20,26,19,11,5,14,19,21,52,0.404,5,19,0.263,16,33,0.485,0.452,14,18,0.778,6,22,28,7,9,1,19,16,Win
218,2/2/19,Away,Mercer,REG (Conf),74,63,No,26,45,0.578,12,24,0.5,14,21,0.667,0.711,10,15,0.667,3,26,29,16,6,6,14,20,24,69,0.348,5,24,0.208,19,45,0.422,0.384,10,13,0.769,15,18,33,12,4,0,9,17,Win
219,2/7/19,Away,Western Carolina,REG (Conf),64,45,No,23,57,0.404,7,32,0.219,16,25,0.64,0.465,11,19,0.579,9,23,32,12,9,7,13,16,16,51,0.314,5,19,0.263,11,32,0.344,0.363,8,11,0.727,9,26,35,5,5,2,20,19,Win
220,2/9/19,Home,East Tennessee State,REG (Conf),91,61,No,32,50,0.64,12,18,0.667,20,32,0.625,0.76,15,18,0.833,5,15,20,15,11,2,13,11,24,51,0.471,2,14,0.143,22,37,0.595,0.49,11,16,0.688,10,14,24,7,7,2,15,14,Win
221,2/14/19,Home,UNC Greensboro,REG (Conf),67,57,No,25,58,0.431,7,23,0.304,18,35,0.514,0.491,10,14,0.714,10,21,31,12,13,10,13,10,22,62,0.355,6,23,0.261,16,39,0.41,0.403,7,9,0.778,11,22,33,11,9,7,17,14,Win
222,2/16/19,Home,VMI,REG (Conf),96,62,No,32,60,0.533,11,29,0.379,21,31,0.677,0.625,21,28,0.75,10,30,40,20,7,9,11,17,20,60,0.333,9,27,0.333,11,33,0.333,0.408,13,18,0.722,6,23,29,10,11,1,11,17,Win
223,2/23/19,Home,Wofford,REG (Conf),64,72,No,24,52,0.462,6,19,0.316,18,33,0.545,0.519,10,14,0.714,6,22,28,10,3,2,7,12,28,60,0.467,9,30,0.3,19,30,0.633,0.542,7,8,0.875,9,21,30,13,5,5,6,15,Lose
224,2/28/19,Away,Samford,REG (Conf),90,81,No,27,54,0.5,13,28,0.464,14,26,0.538,0.62,23,24,0.958,7,26,33,15,8,4,13,21,27,69,0.391,10,27,0.37,17,42,0.405,0.464,17,22,0.773,16,18,34,8,10,7,9,20,Win
225,3/2/19,Away,Chattanooga,REG (Conf),71,50,No,29,60,0.483,9,28,0.321,20,32,0.625,0.558,4,6,0.667,6,31,37,14,7,3,9,15,20,58,0.345,6,22,0.273,14,36,0.389,0.397,4,8,0.5,9,24,33,9,6,2,12,12,Win
226,3/9/19,Neutral,Mercer,CTOURN,85,74,No,30,60,0.5,15,38,0.395,15,22,0.682,0.625,10,16,0.625,10,19,29,25,8,3,14,18,28,55,0.509,4,16,0.25,24,39,0.615,0.545,14,18,0.778,7,16,23,11,10,0,15,18,Win
227,3/10/19,Neutral,UNC Greensboro,CTOURN,62,66,No,24,51,0.471,7,21,0.333,17,30,0.567,0.539,7,9,0.778,5,20,25,8,7,6,12,17,24,58,0.414,8,19,0.421,16,39,0.41,0.483,10,15,0.667,15,22,37,8,8,2,11,15,Lose
228,3/20/19,Home,Wichita State,NIT,70,76,No,26,62,0.419,8,27,0.296,18,35,0.514,0.484,10,12,0.833,5,19,24,14,8,2,6,16,31,62,0.5,5,17,0.294,26,45,0.578,0.54,9,14,0.643,13,29,42,12,3,3,13,14,Lose
229,11/10/17,Home,Bob Jones,REG (Non-Conf),101,48,No,35,67,0.522,16,37,0.432,19,30,0.633,0.642,15,18,0.833,12,36,48,16,11,1,12,15,18,54,0.333,7,20,0.35,11,34,0.324,0.398,5,10,0.5,3,17,20,7,4,0,20,19,Win
230,11/14/17,Home,Elon,REG (Non-Conf),76,67,No,25,65,0.385,11,36,0.306,14,29,0.483,0.469,15,19,0.789,12,23,35,12,7,3,11,13,24,54,0.444,5,24,0.208,19,30,0.633,0.491,14,16,0.875,4,25,29,9,5,2,15,18,Win
231,11/18/17,Away,Butler,REG (Non-Conf),65,82,No,23,57,0.404,10,27,0.37,13,30,0.433,0.491,9,13,0.692,10,15,25,11,8,0,18,18,31,54,0.574,10,23,0.435,21,31,0.677,0.667,10,12,0.833,5,22,27,19,5,4,17,17,Lose
232,11/20/17,Away,Duke,REG (Non-Conf),63,92,No,25,64,0.391,9,29,0.31,16,35,0.457,0.461,4,6,0.667,12,13,25,14,7,0,12,15,39,64,0.609,5,17,0.294,34,47,0.723,0.648,9,13,0.692,14,24,38,18,9,8,11,9,Lose
233,11/24/17,Neutral,New Hampshire,REG (Non-Conf),78,64,No,29,65,0.446,10,30,0.333,19,35,0.543,0.523,10,14,0.714,8,30,38,19,5,2,9,22,20,55,0.364,8,28,0.286,12,27,0.444,0.436,16,25,0.64,9,29,38,11,2,1,14,15,Win
234,11/25/17,Neutral,Northeastern,REG (Non-Conf),78,67,No,31,63,0.492,6,18,0.333,25,45,0.556,0.54,10,14,0.714,13,21,34,13,6,2,8,16,26,53,0.491,5,19,0.263,21,34,0.618,0.538,10,17,0.588,7,19,26,12,3,4,12,14,Win
235,11/29/17,Home,Winthrop,REG (Non-Conf),74,93,No,22,60,0.367,5,24,0.208,17,36,0.472,0.408,25,31,0.806,8,22,30,12,6,3,17,19,35,69,0.507,8,25,0.32,27,44,0.614,0.565,15,20,0.75,13,28,41,14,10,5,14,23,Lose
236,12/2/17,Home,Tennessee Tech,REG (Non-Conf),64,50,No,22,64,0.344,10,36,0.278,12,28,0.429,0.422,10,15,0.667,13,29,42,13,10,6,13,14,20,60,0.333,2,19,0.105,18,41,0.439,0.35,8,16,0.5,10,29,39,11,6,3,16,18,Win
237,12/5/17,Home,UNC Asheville,REG (Non-Conf),83,72,No,29,57,0.509,8,24,0.333,21,33,0.636,0.579,17,22,0.773,9,18,27,20,14,2,13,16,29,57,0.509,4,13,0.308,25,44,0.568,0.544,10,13,0.769,11,19,30,9,7,1,21,20,Win
238,12/9/17,Home,South Carolina State,REG (Non-Conf),101,72,No,36,64,0.563,14,33,0.424,22,31,0.71,0.672,15,19,0.789,6,21,27,24,12,4,10,16,26,56,0.464,9,19,0.474,17,37,0.459,0.545,11,16,0.688,9,23,32,13,4,3,22,14,Win
239,12/14/17,Home,Montreat,REG (Non-Conf),103,47,No,39,78,0.5,13,37,0.351,26,41,0.634,0.583,12,15,0.8,13,37,50,27,10,4,10,6,18,68,0.265,7,31,0.226,11,37,0.297,0.316,4,7,0.571,10,21,31,7,5,3,19,18,Win
240,12/17/17,Away,UNC Wilmington,REG (Non-Conf),90,84,No,31,55,0.564,13,26,0.5,18,29,0.621,0.682,15,25,0.6,6,19,25,14,5,1,13,23,33,69,0.478,5,19,0.263,28,50,0.56,0.514,13,23,0.565,16,21,37,13,4,1,13,19,Win
241,12/20/17,Away,Tennessee,REG (Non-Conf),61,66,No,23,58,0.397,7,27,0.259,16,31,0.516,0.457,8,10,0.8,7,23,30,10,9,2,12,18,23,62,0.371,5,20,0.25,18,42,0.429,0.411,15,24,0.625,15,28,43,17,7,2,10,13,Lose
242,12/30/17,Away,VMI,REG (Conf),87,57,No,31,61,0.508,16,31,0.516,15,30,0.5,0.639,9,18,0.5,8,27,35,20,9,4,11,17,18,57,0.316,9,23,0.391,9,34,0.265,0.395,12,14,0.857,7,24,31,12,4,2,20,16,Win
243,1/4/18,Home,The Citadel,REG (Conf),107,67,No,39,71,0.549,17,40,0.425,22,31,0.71,0.669,12,18,0.667,10,33,43,31,8,4,17,16,23,63,0.365,12,33,0.364,11,30,0.367,0.46,9,18,0.5,9,26,35,15,6,1,18,21,Win
244,1/6/18,Home,Mercer,REG (Conf),74,71,No,25,52,0.481,8,28,0.286,17,24,0.708,0.558,16,25,0.64,8,15,23,15,10,2,8,15,27,53,0.509,3,17,0.176,24,36,0.667,0.538,14,17,0.824,11,22,33,10,2,1,16,21,Win
245,1/10/18,Away,Chattanooga,REG (Conf),73,55,No,31,56,0.554,7,22,0.318,24,34,0.706,0.616,4,7,0.571,8,24,32,15,9,1,14,12,23,51,0.451,4,15,0.267,19,36,0.528,0.49,5,7,0.714,4,15,19,9,6,0,13,12,Win
246,1/13/18,Away,Wofford,REG (Conf),70,79,No,26,60,0.433,9,28,0.321,17,32,0.531,0.508,9,14,0.643,3,21,24,16,11,1,10,16,26,50,0.52,11,24,0.458,15,26,0.577,0.63,16,19,0.842,5,30,35,17,7,6,18,13,Lose
247,1/18/18,Home,East Tennessee State,REG (Conf),61,62,No,20,55,0.364,7,26,0.269,13,29,0.448,0.427,14,21,0.667,13,24,37,11,8,4,12,13,23,58,0.397,9,21,0.429,14,37,0.378,0.474,7,9,0.778,8,24,32,14,5,4,13,16,Lose
248,1/20/18,Home,Samford,REG (Conf),78,67,No,26,58,0.448,9,29,0.31,17,29,0.586,0.526,17,20,0.85,10,22,32,16,8,0,5,14,24,49,0.49,8,21,0.381,16,28,0.571,0.571,11,12,0.917,2,18,20,13,3,2,11,16,Win
249,1/24/18,Away,UNC Greensboro,REG (Conf),61,71,No,23,55,0.418,6,23,0.261,17,32,0.531,0.473,9,15,0.6,7,20,27,6,6,0,13,21,22,47,0.468,6,15,0.4,16,32,0.5,0.532,21,28,0.75,5,25,30,12,7,6,11,16,Lose
250,1/27/18,Home,Western Carolina,REG (Conf),100,66,No,32,62,0.516,15,36,0.417,17,26,0.654,0.637,21,28,0.75,6,30,36,21,5,2,7,21,20,58,0.345,4,23,0.174,16,35,0.457,0.379,22,28,0.786,7,23,30,9,3,2,10,24,Win
251,2/1/18,Away,Mercer,REG (Conf),85,73,No,28,55,0.509,15,30,0.5,13,25,0.52,0.645,14,18,0.778,3,23,26,18,5,1,7,15,30,66,0.455,5,26,0.192,25,40,0.625,0.492,8,14,0.571,11,25,36,9,4,2,9,16,Win
252,2/3/18,Away,The Citadel,REG (Conf),92,100,OT,33,72,0.458,11,33,0.333,22,39,0.564,0.535,15,20,0.75,12,25,37,21,6,1,10,19,31,63,0.492,14,32,0.438,17,31,0.548,0.603,24,31,0.774,7,27,34,17,9,5,9,17,Lose
253,2/7/18,Home,UNC Greensboro,REG (Conf),67,80,No,25,50,0.5,8,24,0.333,17,26,0.654,0.58,9,15,0.6,2,15,17,14,7,1,9,15,30,56,0.536,8,20,0.4,22,36,0.611,0.607,12,14,0.857,11,25,36,14,4,1,15,16,Lose
254,2/10/18,Home,Wofford,REG (Conf),76,52,No,29,63,0.46,13,32,0.406,16,31,0.516,0.563,5,9,0.556,7,25,32,18,10,2,6,11,19,54,0.352,7,23,0.304,12,31,0.387,0.417,7,10,0.7,8,27,35,12,4,2,15,11,Win
255,2/15/18,Home,Chattanooga,REG (Conf),75,56,No,28,59,0.475,10,30,0.333,18,29,0.621,0.559,9,14,0.643,9,22,31,10,7,2,11,22,18,54,0.333,2,19,0.105,16,35,0.457,0.352,18,22,0.818,15,22,37,6,3,1,18,18,Win
256,2/17/18,Away,Samford,REG (Conf),94,79,No,40,75,0.533,11,34,0.324,29,41,0.707,0.607,3,5,0.6,13,26,39,24,6,2,9,16,28,56,0.5,10,22,0.455,18,34,0.529,0.589,13,19,0.684,4,22,26,15,5,4,11,7,Win
257,2/20/18,Home,VMI,REG (Conf),76,54,No,29,56,0.518,11,26,0.423,18,30,0.6,0.616,7,10,0.7,5,32,37,18,5,3,13,13,19,61,0.311,9,26,0.346,10,35,0.286,0.385,7,11,0.636,8,22,30,12,10,1,13,12,Win
258,2/23/18,Away,Western Carolina,REG (Conf),78,55,No,31,57,0.544,11,27,0.407,20,30,0.667,0.64,5,8,0.625,6,28,34,14,9,6,13,12,21,62,0.339,5,19,0.263,16,43,0.372,0.379,8,11,0.727,12,22,34,9,7,4,14,13,Win
259,2/25/18,Away,East Tennessee State,REG (Conf),79,76,No,24,53,0.453,10,20,0.5,14,33,0.424,0.547,21,28,0.75,6,24,30,12,10,2,12,21,29,57,0.509,6,18,0.333,23,39,0.59,0.561,12,19,0.632,4,25,29,12,7,11,14,21,Win
260,3/3/18,Neutral,Western Carolina,CTOURN,97,73,No,33,59,0.559,8,21,0.381,25,38,0.658,0.627,23,28,0.821,7,24,31,16,9,1,8,18,26,59,0.441,6,18,0.333,20,41,0.488,0.492,15,21,0.714,11,19,30,12,3,4,14,22,Win
261,3/4/18,Neutral,East Tennessee State,CTOURN,52,63,No,19,60,0.317,4,26,0.154,15,34,0.441,0.35,10,15,0.667,8,25,33,5,7,3,12,13,26,56,0.464,6,16,0.375,20,40,0.5,0.518,5,14,0.357,9,28,37,13,8,9,12,14,Lose
262,11/11/16,Away,Presbyterian,REG (Non-Conf),71,73,No,24,56,0.429,11,31,0.355,13,25,0.52,0.527,12,20,0.6,12,21,33,16,4,1,14,19,26,54,0.481,6,19,0.316,20,35,0.571,0.537,15,18,0.833,5,22,27,10,6,1,9,19,Lose
263,11/14/16,Away,UAB,REG (Non-Conf),84,74,No,28,52,0.538,15,24,0.625,13,28,0.464,0.683,13,23,0.565,6,22,28,19,5,2,11,26,21,53,0.396,7,19,0.368,14,34,0.412,0.462,25,31,0.806,10,17,27,12,4,4,14,24,Win
264,11/17/16,Away,Georgia,REG (Non-Conf),78,84,No,27,54,0.5,10,21,0.476,17,33,0.515,0.593,14,20,0.7,4,15,19,14,4,0,12,24,28,53,0.528,5,18,0.278,23,35,0.657,0.575,23,29,0.793,8,22,30,10,3,2,10,19,Lose
265,11/19/16,Home,Trinity Baptist,REG (Non-Conf),102,53,No,37,71,0.521,14,29,0.483,23,42,0.548,0.62,14,26,0.538,15,28,43,25,14,1,7,15,18,52,0.346,8,28,0.286,10,24,0.417,0.423,9,15,0.6,2,24,26,9,5,3,20,20,Win
266,11/22/16,Home,UNC Asheville,REG (Non-Conf),58,64,No,20,52,0.385,7,26,0.269,13,26,0.5,0.452,11,13,0.846,11,29,40,14,6,3,20,17,19,54,0.352,6,19,0.316,13,35,0.371,0.407,20,27,0.741,9,22,31,10,15,0,11,13,Lose
267,11/25/16,Home,Hiwassee,REG (Non-Conf),98,48,No,38,67,0.567,10,24,0.417,28,43,0.651,0.642,12,19,0.632,14,38,52,22,11,3,17,16,17,58,0.293,4,20,0.2,13,38,0.342,0.328,10,19,0.526,6,16,22,12,9,2,20,18,Win
268,11/30/16,Away,Winthrop,REG (Non-Conf),57,58,OT,23,61,0.377,5,22,0.227,18,39,0.462,0.418,6,7,0.857,9,27,36,7,12,4,15,14,21,54,0.389,8,26,0.308,13,28,0.464,0.463,8,12,0.667,3,25,28,12,6,3,20,10,Lose
269,12/3/16,Home,Navy,REG (Non-Conf),79,46,No,29,49,0.592,12,23,0.522,17,26,0.654,0.714,9,16,0.563,6,30,36,18,8,0,12,20,18,49,0.367,5,21,0.238,13,28,0.464,0.418,5,16,0.313,5,17,22,14,7,1,14,18,Win
270,12/6/16,Away,Liberty,REG (Non-Conf),61,58,No,22,50,0.44,7,22,0.318,15,28,0.536,0.51,10,13,0.769,3,26,29,8,7,1,15,13,19,47,0.404,9,27,0.333,10,20,0.5,0.5,11,12,0.917,2,25,27,11,8,0,16,16,Win
271,12/10/16,Away,Gardner-Webb,REG (Non-Conf),68,65,No,23,57,0.404,7,22,0.318,16,35,0.457,0.465,15,24,0.625,7,17,24,17,10,3,7,19,23,53,0.434,7,17,0.412,16,36,0.444,0.5,12,24,0.5,8,31,39,16,4,3,17,22,Win
272,12/16/16,Home,South Carolina State,REG (Non-Conf),67,69,No,23,59,0.39,7,25,0.28,16,34,0.471,0.449,14,19,0.737,12,27,39,14,2,1,11,13,28,65,0.431,6,22,0.273,22,43,0.512,0.477,7,9,0.778,7,23,30,16,5,4,7,20,Lose
273,12/19/16,Away,Tennessee Tech,REG (Non-Conf),68,62,No,22,47,0.468,10,22,0.455,12,25,0.48,0.574,14,18,0.778,3,22,25,16,5,2,14,21,19,50,0.38,6,25,0.24,13,25,0.52,0.44,18,22,0.818,6,18,24,11,5,2,15,20,Win
274,12/22/16,Away,Michigan,REG (Non-Conf),62,68,No,22,46,0.478,5,18,0.278,17,28,0.607,0.533,13,16,0.813,7,21,28,9,2,2,13,18,24,55,0.436,4,20,0.2,20,35,0.571,0.473,16,16,1,7,17,24,13,5,0,5,13,Lose
275,12/31/16,Home,The Citadel,REG (Conf),83,68,No,31,58,0.534,3,13,0.231,28,45,0.622,0.56,18,24,0.75,10,30,40,13,9,12,17,14,22,70,0.314,8,36,0.222,14,34,0.412,0.371,16,19,0.842,14,17,31,11,6,0,14,19,Win
276,1/2/17,Home,Mercer,REG (Conf),71,69,No,21,56,0.375,7,24,0.292,14,32,0.438,0.438,22,32,0.688,13,26,39,12,2,5,7,20,27,67,0.403,8,27,0.296,19,40,0.475,0.463,7,11,0.636,13,28,41,11,1,1,6,24,Win
277,1/5/17,Away,Samford,REG (Conf),83,73,No,30,55,0.545,10,24,0.417,20,31,0.645,0.636,13,15,0.867,9,21,30,22,7,3,14,18,28,58,0.483,5,15,0.333,23,43,0.535,0.526,12,17,0.706,9,14,23,15,7,2,13,14,Win
278,1/7/17,Away,Chattanooga,REG (Conf),64,80,No,24,57,0.421,6,15,0.4,18,42,0.429,0.474,10,11,0.909,8,16,24,11,7,1,7,19,23,43,0.535,9,20,0.45,14,23,0.609,0.64,25,30,0.833,7,19,26,11,4,5,12,12,Lose
279,1/14/17,Away,Wofford,REG (Conf),58,67,No,25,60,0.417,4,20,0.2,21,40,0.525,0.45,4,10,0.4,7,23,30,7,9,2,8,16,24,53,0.453,6,18,0.333,18,35,0.514,0.509,13,19,0.684,8,29,37,14,6,2,12,16,Lose
280,1/19/17,Home,East Tennessee State,REG (Conf),75,62,No,25,53,0.472,7,26,0.269,18,27,0.667,0.538,18,28,0.643,6,29,35,15,13,2,17,19,22,58,0.379,3,21,0.143,19,37,0.514,0.405,15,22,0.682,7,28,35,12,7,3,20,23,Win
281,1/21/17,Home,VMI,REG (Conf),89,72,No,33,58,0.569,14,24,0.583,19,34,0.559,0.69,9,12,0.75,7,23,30,25,8,0,10,12,26,55,0.473,14,34,0.412,12,21,0.571,0.6,6,13,0.462,7,18,25,16,4,2,10,15,Win
282,1/25/17,Home,Western Carolina,REG (Conf),85,37,No,30,55,0.545,11,24,0.458,19,31,0.613,0.645,14,20,0.7,8,34,42,20,6,6,13,15,15,56,0.268,1,12,0.083,14,44,0.318,0.277,6,19,0.316,10,20,30,6,5,1,14,17,Win
283,1/28/17,Away,UNC Greensboro,REG (Conf),73,67,No,26,55,0.473,8,25,0.32,18,30,0.6,0.545,13,15,0.867,8,19,27,11,9,1,8,13,23,51,0.451,7,21,0.333,16,30,0.533,0.52,14,14,1,7,17,24,12,4,3,16,15,Win
284,2/2/17,Away,Mercer,REG (Conf),70,68,No,24,45,0.533,12,26,0.462,12,19,0.632,0.667,10,16,0.625,5,17,22,13,6,1,16,21,20,53,0.377,9,22,0.409,11,31,0.355,0.462,19,22,0.864,10,15,25,10,7,1,13,17,Win
285,2/4/17,Away,The Citadel,REG (Conf),99,91,No,33,59,0.559,13,24,0.542,20,35,0.571,0.669,20,24,0.833,9,29,38,22,4,3,16,14,33,72,0.458,12,34,0.353,21,38,0.553,0.542,13,19,0.684,11,18,29,21,10,2,8,20,Win
286,2/9/17,Home,Chattanooga,REG (Conf),60,56,No,21,42,0.5,7,17,0.412,14,25,0.56,0.583,11,18,0.611,3,20,23,12,6,2,13,19,20,44,0.455,6,19,0.316,14,25,0.56,0.523,10,14,0.714,3,20,23,13,5,3,15,20,Win
287,2/11/17,Home,Samford,REG (Conf),90,73,No,32,56,0.571,13,24,0.542,19,32,0.594,0.688,13,17,0.765,5,17,22,25,9,2,13,14,29,59,0.492,6,22,0.273,23,37,0.622,0.542,9,14,0.643,13,21,34,8,6,4,21,17,Win
288,2/13/17,Away,VMI,REG (Conf),80,52,No,28,57,0.491,11,26,0.423,17,31,0.548,0.588,13,18,0.722,9,28,37,12,11,2,14,19,17,51,0.333,7,20,0.35,10,31,0.323,0.402,11,17,0.647,7,20,27,8,3,3,17,18,Win
289,2/15/17,Away,Western Carolina,REG (Conf),74,62,No,24,49,0.49,8,21,0.381,16,28,0.571,0.571,18,31,0.581,7,28,35,13,7,2,11,17,23,55,0.418,5,14,0.357,18,41,0.439,0.464,11,20,0.55,9,21,30,11,3,3,11,22,Win
290,2/18/17,Home,UNC Greensboro,REG (Conf),52,73,No,20,58,0.345,6,24,0.25,14,34,0.412,0.397,6,12,0.5,9,16,25,8,5,2,13,14,28,51,0.549,12,28,0.429,16,23,0.696,0.667,5,7,0.714,7,25,32,9,5,3,17,17,Lose
291,2/22/17,Away,East Tennessee State,REG (Conf),81,93,OT,27,55,0.491,12,27,0.444,15,28,0.536,0.6,15,19,0.789,8,17,25,10,3,3,15,27,31,51,0.608,9,18,0.5,22,33,0.667,0.696,22,26,0.846,5,21,26,19,9,4,10,21,Lose
292,2/25/17,Home,Wofford,REG (Conf),78,69,No,30,56,0.536,9,22,0.409,21,34,0.618,0.616,9,14,0.643,8,20,28,20,8,2,8,22,22,51,0.431,8,29,0.276,14,22,0.636,0.51,17,26,0.654,11,19,30,6,4,1,11,17,Win
293,3/4/17,Neutral,Samford,CTOURN,63,67,No,20,66,0.303,12,40,0.3,8,26,0.308,0.394,11,16,0.688,14,27,41,12,3,3,9,24,21,53,0.396,6,19,0.316,15,34,0.441,0.453,19,32,0.594,10,28,38,10,7,3,6,18,Lose
294,3/16/17,Away,USC Upstate,CIT,79,57,No,30,66,0.455,11,31,0.355,19,35,0.543,0.538,8,11,0.727,10,30,40,22,9,1,15,12,22,59,0.373,4,24,0.167,18,35,0.514,0.407,9,11,0.818,7,23,30,8,9,3,16,10,Win
295,3/25/17,Away,Campbell,CIT,79,64,No,27,52,0.519,7,19,0.368,20,33,0.606,0.587,18,19,0.947,6,23,29,11,8,3,8,12,27,58,0.466,6,24,0.25,21,34,0.618,0.517,4,7,0.571,6,18,24,10,5,3,11,17,Win
296,3/29/17,Away,Saint Peter's,CIT,51,77,No,19,52,0.365,8,23,0.348,11,29,0.379,0.442,5,8,0.625,4,18,22,9,6,1,14,17,28,50,0.56,13,27,0.481,15,23,0.652,0.69,8,14,0.571,4,29,33,21,10,3,13,14,Lose
297,11/13/15,Home,Presbyterian,REG (Non-Conf),63,53,No,18,52,0.346,3,14,0.214,15,38,0.395,0.375,24,39,0.615,20,25,45,6,7,2,14,19,22,53,0.415,4,21,0.19,18,32,0.563,0.453,5,13,0.385,7,21,28,12,4,4,14,28,Win
298,11/17/15,Away,Appalachian State,REG (Non-Conf),79,70,No,24,51,0.471,10,21,0.476,14,30,0.467,0.569,21,32,0.656,13,24,37,13,3,2,12,23,22,52,0.423,8,19,0.421,14,33,0.424,0.5,18,29,0.621,10,20,30,13,6,1,12,24,Win
299,11/19/15,Away,Charlotte,REG (Non-Conf),68,77,No,22,56,0.393,9,29,0.31,13,27,0.481,0.473,15,19,0.789,11,23,34,10,13,1,21,23,24,58,0.414,4,15,0.267,20,43,0.465,0.448,25,30,0.833,11,20,31,10,7,4,16,18,Lose
300,11/21/15,Away,Connecticut,REG (Non-Conf),58,83,No,19,55,0.345,10,36,0.278,9,19,0.474,0.436,10,13,0.769,8,23,31,13,3,2,10,9,32,69,0.464,11,30,0.367,21,39,0.538,0.543,8,8,1,12,26,38,20,7,1,5,17,Lose
301,11/26/15,Neutral,Texas A&M–Corpus Christi,REG (Non-Conf),69,73,No,21,60,0.35,7,27,0.259,14,33,0.424,0.408,20,26,0.769,15,23,38,13,2,1,14,22,25,52,0.481,7,17,0.412,18,35,0.514,0.548,16,23,0.696,6,22,28,14,8,6,12,23,Lose
302,11/27/15,Neutral,Mount St. Mary's,REG (Non-Conf),69,60,No,24,47,0.511,6,17,0.353,18,30,0.6,0.574,15,25,0.6,13,27,40,10,6,1,17,12,23,52,0.442,5,20,0.25,18,32,0.563,0.49,9,17,0.529,5,13,18,11,4,4,10,20,Win
303,12/1/15,Home,Piedmont,REG (Non-Conf),99,38,No,39,72,0.542,14,32,0.438,25,40,0.625,0.639,7,14,0.5,16,37,53,25,11,5,12,10,14,57,0.246,6,23,0.261,8,34,0.235,0.298,4,8,0.5,5,18,23,8,7,2,17,12,Win
304,12/8/15,Home,Liberty,REG (Non-Conf),79,56,No,27,45,0.6,8,19,0.421,19,26,0.731,0.689,17,25,0.68,5,18,23,16,10,0,10,19,19,41,0.463,7,19,0.368,12,22,0.545,0.549,11,19,0.579,6,19,25,10,3,3,20,23,Win
305,12/12/15,Home,Gardner-Webb,REG (Non-Conf),53,73,No,20,51,0.392,5,28,0.179,15,23,0.652,0.441,8,9,0.889,5,18,23,12,9,1,14,13,28,49,0.571,8,18,0.444,20,31,0.645,0.653,9,12,0.75,4,22,26,12,9,3,17,14,Lose
306,12/16/15,Home,Bluefield Univ.,REG (Non-Conf),94,46,No,36,69,0.522,8,28,0.286,28,41,0.683,0.58,14,17,0.824,21,35,56,22,6,1,12,15,16,54,0.296,8,25,0.32,8,29,0.276,0.37,6,10,0.6,4,12,16,8,6,0,12,19,Win
307,12/19/15,Away,Dayton,REG (Non-Conf),50,70,No,21,55,0.382,6,21,0.286,15,34,0.441,0.436,2,3,0.667,6,12,18,12,4,0,12,16,21,47,0.447,9,21,0.429,12,26,0.462,0.543,19,22,0.864,11,28,39,16,3,5,16,11,Lose
308,12/22/15,Away,Navy,REG (Non-Conf),49,62,No,15,49,0.306,3,21,0.143,12,28,0.429,0.337,16,25,0.64,5,22,27,7,4,5,10,19,20,48,0.417,7,13,0.538,13,35,0.371,0.49,15,27,0.556,11,28,39,14,5,6,13,21,Lose
309,12/29/15,Away,UNC Asheville,REG (Non-Conf),65,67,No,23,54,0.426,6,22,0.273,17,32,0.531,0.481,13,24,0.542,10,20,30,6,4,1,17,15,26,53,0.491,7,17,0.412,19,36,0.528,0.557,8,12,0.667,4,23,27,10,15,4,14,16,Lose
310,1/2/16,Home,VMI,REG (Conf),85,57,No,27,56,0.482,9,24,0.375,18,32,0.563,0.563,22,29,0.759,12,22,34,11,11,2,9,20,19,49,0.388,3,20,0.15,16,29,0.552,0.418,16,22,0.727,9,19,28,3,3,3,19,20,Win
311,1/5/16,Away,UNC Greensboro,REG (Conf),66,67,No,20,58,0.345,11,27,0.407,9,31,0.29,0.44,15,21,0.714,12,21,33,13,8,1,12,22,21,50,0.42,7,22,0.318,14,28,0.5,0.49,18,23,0.783,4,23,27,13,8,4,11,17,Lose
312,1/9/16,Home,Chattanooga,REG (Conf),70,55,No,25,50,0.5,6,19,0.316,19,31,0.613,0.56,14,20,0.7,7,22,29,13,9,8,15,20,20,47,0.426,6,16,0.375,14,31,0.452,0.489,9,19,0.474,7,19,26,9,6,3,20,21,Win
313,1/11/16,Home,Samford,REG (Conf),77,57,No,24,51,0.471,10,21,0.476,14,30,0.467,0.569,19,27,0.704,8,27,35,17,6,4,14,21,20,49,0.408,1,10,0.1,19,39,0.487,0.418,16,28,0.571,8,20,28,10,6,3,13,19,Win
314,1/14/16,Away,Mercer,REG (Conf),65,69,No,24,53,0.453,11,27,0.407,13,26,0.5,0.557,6,12,0.5,8,19,27,13,3,4,15,17,24,52,0.462,8,17,0.471,16,35,0.457,0.538,13,20,0.65,8,20,28,15,6,2,11,16,Lose
315,1/16/16,Away,The Citadel,REG (Conf),86,89,No,29,63,0.46,6,22,0.273,23,41,0.561,0.508,22,34,0.647,10,26,36,10,9,4,12,27,31,64,0.484,8,21,0.381,23,43,0.535,0.547,19,32,0.594,11,29,40,12,5,4,14,29,Lose
316,1/23/16,Home,Wofford,REG (Conf),63,62,No,22,49,0.449,4,15,0.267,18,34,0.529,0.49,15,26,0.577,9,18,27,3,4,6,10,16,21,50,0.42,8,19,0.421,13,31,0.419,0.5,12,15,0.8,7,21,28,12,4,1,12,23,Win
317,1/25/16,Away,VMI,REG (Conf),68,56,No,22,42,0.524,8,15,0.533,14,27,0.519,0.619,16,23,0.696,6,25,31,11,6,5,15,16,20,51,0.392,6,23,0.261,14,28,0.5,0.451,10,15,0.667,8,16,24,6,7,1,13,21,Win
318,1/28/16,Home,Western Carolina,REG (Conf),62,60,No,18,38,0.474,4,18,0.222,14,20,0.7,0.526,22,31,0.71,6,27,33,10,6,3,18,20,22,54,0.407,6,24,0.25,16,30,0.533,0.463,10,23,0.435,13,19,32,7,13,1,14,22,Win
319,1/30/16,Home,East Tennessee State,REG (Conf),74,70,No,26,52,0.5,6,22,0.273,20,30,0.667,0.558,16,19,0.842,8,25,33,10,3,4,12,18,23,59,0.39,8,25,0.32,15,34,0.441,0.458,16,22,0.727,8,18,26,10,7,3,5,18,Win
320,2/4/16,Away,Samford,REG (Conf),67,65,No,24,47,0.511,8,20,0.4,16,27,0.593,0.596,11,15,0.733,4,22,26,18,5,7,14,17,28,59,0.475,4,13,0.308,24,46,0.522,0.508,5,11,0.455,12,18,30,12,7,3,12,16,Win
321,2/6/16,Away,Chattanooga,REG (Conf),54,62,No,18,47,0.383,5,19,0.263,13,28,0.464,0.436,13,15,0.867,6,26,32,10,4,1,13,23,18,45,0.4,4,15,0.267,14,30,0.467,0.444,22,28,0.786,4,23,27,8,6,3,9,14,Lose
322,2/8/16,Home,UNC Greensboro,REG (Conf),79,72,No,27,51,0.529,6,19,0.316,21,32,0.656,0.588,19,25,0.76,5,27,32,15,3,4,9,16,28,65,0.431,6,25,0.24,22,40,0.55,0.477,10,16,0.625,11,22,33,12,4,1,8,22,Win
323,2/11/16,Home,The Citadel,REG (Conf),95,75,No,32,62,0.516,8,21,0.381,24,41,0.585,0.581,23,29,0.793,9,36,45,19,6,5,18,19,25,72,0.347,11,35,0.314,14,37,0.378,0.424,14,20,0.7,11,20,31,14,10,2,11,20,Win
324,2/13/16,Home,Mercer,REG (Conf),85,74,No,26,55,0.473,9,27,0.333,17,28,0.607,0.555,24,31,0.774,10,20,30,16,5,10,4,14,28,57,0.491,5,15,0.333,23,42,0.548,0.535,13,17,0.765,10,21,31,10,4,0,6,20,Win
325,2/20/16,Away,Wofford,REG (Conf),73,77,No,31,51,0.608,5,13,0.385,26,38,0.684,0.657,6,8,0.75,4,15,19,11,5,5,7,18,26,49,0.531,9,19,0.474,17,30,0.567,0.622,16,21,0.762,8,14,22,17,3,2,8,14,Lose
326,2/25/16,Away,East Tennessee State,REG (Conf),75,80,No,25,52,0.481,5,22,0.227,20,30,0.667,0.529,20,26,0.769,10,23,33,9,7,1,21,21,26,54,0.481,9,20,0.45,17,34,0.5,0.565,19,26,0.731,6,17,23,13,12,3,15,23,Lose
327,2/27/16,Away,Western Carolina,REG (Conf),62,73,No,19,49,0.388,7,23,0.304,12,26,0.462,0.459,17,23,0.739,5,18,23,7,9,4,11,19,25,49,0.51,9,20,0.45,16,29,0.552,0.602,14,21,0.667,6,26,32,17,3,5,13,19,Lose
328,3/5/16,Neutral,UNC Greensboro,CTOURN,80,64,No,24,48,0.5,10,24,0.417,14,24,0.583,0.604,22,30,0.733,6,24,30,12,5,5,10,17,24,56,0.429,8,19,0.421,16,37,0.432,0.5,8,13,0.615,7,16,23,12,5,4,9,21,Win
329,3/6/16,Neutral,East Tennessee State,CTOURN,76,84,No,27,62,0.435,4,20,0.2,23,42,0.548,0.468,18,27,0.667,12,18,30,11,4,1,5,18,26,48,0.542,8,15,0.533,18,33,0.545,0.625,24,27,0.889,2,23,25,9,3,1,8,23,Lose
330,3/15/16,Home,Louisiana–Monroe,CIT,58,57,No,23,55,0.418,6,22,0.273,17,33,0.515,0.473,6,11,0.545,14,20,34,11,10,5,23,10,21,53,0.396,5,18,0.278,16,35,0.457,0.443,10,11,0.909,9,16,25,9,16,3,17,12,Win
331,3/19/16,Home,Louisiana–Lafayette,CIT,72,80,No,25,58,0.431,10,30,0.333,15,28,0.536,0.517,12,24,0.5,13,21,34,9,7,4,12,18,27,57,0.474,6,14,0.429,21,43,0.488,0.526,20,28,0.714,11,22,33,14,8,2,11,17,Lose
332,11/14/14,Home,College of Charleston,REG (Non-Conf),40,75,No,10,41,0.244,2,12,0.167,8,29,0.276,0.268,18,35,0.514,11,20,31,2,0,1,16,13,31,59,0.525,11,21,0.524,20,38,0.526,0.619,2,4,0.5,7,27,34,20,8,4,7,27,Lose
333,11/19/14,Home,Appalachian State,REG (Non-Conf),84,65,No,29,53,0.547,7,21,0.333,22,32,0.688,0.613,19,29,0.655,9,29,38,21,4,2,11,22,22,56,0.393,4,16,0.25,18,40,0.45,0.429,17,25,0.68,7,18,25,9,6,2,7,20,Win
334,11/22/14,Home,UC Davis,REG (Non-Conf),55,58,No,18,43,0.419,6,24,0.25,12,19,0.632,0.488,13,15,0.867,8,13,21,8,6,2,13,12,24,46,0.522,7,18,0.389,17,28,0.607,0.598,3,7,0.429,7,15,22,16,7,2,14,16,Lose
335,11/26/14,Away,Duke,REG (Non-Conf),54,93,No,19,56,0.339,6,18,0.333,13,38,0.342,0.393,10,12,0.833,9,16,25,10,2,3,14,15,38,66,0.576,11,29,0.379,27,37,0.73,0.659,6,10,0.6,13,26,39,24,5,4,7,17,Lose
336,12/1/14,Away,Liberty,REG (Non-Conf),52,66,No,19,57,0.333,8,31,0.258,11,26,0.423,0.404,6,11,0.545,7,22,29,10,10,0,17,19,25,53,0.472,4,12,0.333,21,41,0.512,0.509,12,18,0.667,6,34,40,13,9,4,18,14,Lose
337,12/6/14,Home,Samford,REG (Conf),74,64,No,19,44,0.432,7,17,0.412,12,27,0.444,0.511,29,50,0.58,9,32,41,11,9,1,17,21,21,59,0.356,5,23,0.217,16,36,0.444,0.398,17,25,0.68,9,23,32,12,9,1,12,34,Win
338,12/9/14,Away,TCU,REG (Non-Conf),69,80,No,23,45,0.511,8,20,0.4,15,25,0.6,0.6,15,18,0.833,5,15,20,12,4,1,15,29,28,47,0.596,4,10,0.4,24,37,0.649,0.638,20,34,0.588,11,14,25,15,5,5,9,16,Lose
339,12/13/14,Away,Gardner-Webb,REG (Non-Conf),68,74,No,25,57,0.439,8,19,0.421,17,38,0.447,0.509,10,14,0.714,5,25,30,7,3,3,14,25,27,58,0.466,5,16,0.313,22,42,0.524,0.509,15,33,0.455,13,27,40,22,8,7,13,14,Lose
340,12/19/14,Away,Florida Gulf Coast,REG (Non-Conf),78,83,No,26,61,0.426,6,23,0.261,20,38,0.526,0.475,20,28,0.714,9,19,28,7,9,2,12,17,30,62,0.484,5,17,0.294,25,45,0.556,0.524,18,24,0.75,9,28,37,20,8,6,11,20,Lose
341,12/22/14,Away,Minnesota,REG (Non-Conf),76,86,No,28,59,0.475,12,26,0.462,16,33,0.485,0.576,8,11,0.727,7,20,27,16,10,6,18,22,32,61,0.525,6,19,0.316,26,42,0.619,0.574,16,26,0.615,13,22,35,17,15,4,14,12,Lose
342,12/30/14,Home,St. Andrews,REG (Non-Conf),72,35,No,26,54,0.481,7,25,0.28,19,29,0.655,0.546,13,18,0.722,10,26,36,18,10,0,8,10,13,41,0.317,4,15,0.267,9,26,0.346,0.366,5,8,0.625,2,19,21,8,3,2,20,16,Win
343,1/3/15,Away,Chattanooga,REG (Conf),60,72,No,20,45,0.444,3,10,0.3,17,35,0.486,0.478,17,24,0.708,6,16,22,8,7,1,16,19,25,51,0.49,6,18,0.333,19,33,0.576,0.549,16,21,0.762,11,19,30,12,8,6,12,18,Lose
344,1/5/15,Away,Western Carolina,REG (Conf),53,72,No,15,44,0.341,5,18,0.278,10,26,0.385,0.398,18,26,0.692,10,9,19,7,6,0,12,13,27,47,0.574,8,15,0.533,19,32,0.594,0.66,10,14,0.714,10,20,30,14,8,8,12,19,Lose
345,1/8/15,Home,UNC Greensboro,REG (Conf),71,64,No,20,47,0.426,7,20,0.35,13,27,0.481,0.5,24,32,0.75,6,27,33,12,4,4,13,17,27,64,0.422,4,16,0.25,23,48,0.479,0.453,6,12,0.5,8,23,31,12,5,1,10,27,Win
346,1/10/15,Home,VMI,REG (Conf),73,83,No,23,49,0.469,5,13,0.385,18,36,0.5,0.52,22,30,0.733,5,30,35,13,4,4,17,23,26,59,0.441,12,32,0.375,14,27,0.519,0.542,19,28,0.679,8,25,33,11,6,4,10,22,Lose
347,1/15/15,Away,Mercer,REG (Conf),64,67,No,24,48,0.5,9,22,0.409,15,26,0.577,0.594,7,8,0.875,5,10,15,11,7,1,7,13,24,41,0.585,6,13,0.462,18,28,0.643,0.659,13,18,0.722,10,18,28,16,6,5,12,10,Lose
348,1/17/15,Away,The Citadel,REG (Conf),74,62,No,28,54,0.519,7,17,0.412,21,37,0.568,0.583,11,17,0.647,13,20,33,11,2,4,5,13,22,50,0.44,6,16,0.375,16,34,0.471,0.5,12,16,0.75,8,15,23,13,2,0,6,18,Win
349,1/22/15,Away,Wofford,REG (Conf),49,74,No,14,43,0.326,6,19,0.316,8,24,0.333,0.395,15,28,0.536,8,19,27,6,2,2,13,15,28,51,0.549,8,14,0.571,20,37,0.541,0.627,10,15,0.667,7,25,32,16,5,5,9,21,Lose
350,1/24/15,Home,Allen,REG (Non-Conf),82,46,No,27,58,0.466,10,28,0.357,17,30,0.567,0.552,18,26,0.692,13,36,49,19,12,5,15,14,16,62,0.258,7,26,0.269,9,36,0.25,0.315,7,12,0.583,11,21,32,8,9,0,16,21,Win
351,1/29/15,Home,East Tennessee State,REG (Conf),59,55,No,18,44,0.409,9,20,0.45,9,24,0.375,0.511,14,22,0.636,7,25,32,13,8,3,15,10,21,55,0.382,9,26,0.346,12,29,0.414,0.464,4,6,0.667,7,21,28,12,6,3,12,19,Win
352,1/31/15,Away,Samford,REG (Conf),58,68,No,18,44,0.409,6,24,0.25,12,20,0.6,0.477,16,24,0.667,6,26,32,8,5,3,17,25,22,56,0.393,4,17,0.235,18,39,0.462,0.429,20,32,0.625,11,17,28,11,9,3,8,19,Lose
353,2/5/15,Home,Chattanooga,REG (Conf),71,74,OT,25,53,0.472,6,21,0.286,19,32,0.594,0.528,15,24,0.625,7,28,35,13,5,7,12,19,27,62,0.435,6,18,0.333,21,44,0.477,0.484,14,22,0.636,11,17,28,15,7,5,8,19,Lose
354,2/7/15,Home,Mercer,REG (Conf),68,74,No,25,52,0.481,9,25,0.36,16,27,0.593,0.567,9,14,0.643,11,20,31,16,2,1,12,23,26,54,0.481,5,18,0.278,21,36,0.583,0.528,17,28,0.607,12,16,28,20,9,0,6,14,Lose
355,2/12/15,Away,VMI,REG (Conf),59,93,No,25,52,0.481,1,10,0.1,24,42,0.571,0.49,8,14,0.571,9,20,29,6,5,2,14,12,33,62,0.532,24,45,0.533,9,17,0.529,0.726,3,4,0.75,6,18,24,21,7,9,9,14,Lose
356,2/14/15,Away,East Tennessee State,REG (Conf),59,66,No,17,44,0.386,6,21,0.286,11,23,0.478,0.455,19,26,0.731,10,18,28,9,4,4,13,19,21,43,0.488,6,19,0.316,15,24,0.625,0.558,18,28,0.643,4,22,26,14,6,3,7,19,Lose
357,2/19/15,Home,The Citadel,REG (Conf),56,62,OT,20,53,0.377,8,28,0.286,12,25,0.48,0.453,8,16,0.5,6,15,21,11,8,2,14,22,21,37,0.568,4,8,0.5,17,29,0.586,0.622,16,24,0.667,2,25,27,11,12,3,18,16,Lose
358,2/22/15,Away,UNC Greensboro,REG (Conf),49,84,No,17,46,0.37,3,19,0.158,14,27,0.519,0.402,12,20,0.6,6,19,25,4,2,5,12,10,31,60,0.517,15,25,0.6,16,35,0.457,0.642,7,12,0.583,7,27,34,17,7,4,7,20,Lose
359,2/26/15,Home,Western Carolina,REG (Conf),53,49,No,13,46,0.283,3,18,0.167,10,28,0.357,0.315,24,42,0.571,16,28,44,10,10,3,15,17,17,66,0.258,3,23,0.13,14,43,0.326,0.28,12,18,0.667,23,22,45,5,10,5,12,28,Win
360,2/28/15,Home,Wofford,REG (Conf),60,62,No,23,46,0.5,9,22,0.409,14,24,0.583,0.598,5,12,0.417,6,24,30,12,2,6,11,22,20,49,0.408,3,14,0.214,17,35,0.486,0.439,19,28,0.679,11,18,29,7,7,0,7,15,Lose
361,3/6/15,Neutral,The Citadel,CTOURN,73,56,No,28,59,0.475,10,23,0.435,18,36,0.5,0.559,7,8,0.875,7,21,28,13,10,4,9,22,15,48,0.313,4,18,0.222,11,30,0.367,0.354,22,25,0.88,8,22,30,8,3,0,18,10,Win
362,3/7/15,Neutral,Chattanooga,CTOURN,69,67,No,18,42,0.429,6,14,0.429,12,28,0.429,0.5,27,32,0.844,8,19,27,4,3,6,10,17,24,55,0.436,6,14,0.429,18,41,0.439,0.491,13,19,0.684,11,16,27,10,3,6,11,27,Win
363,3/8/15,Neutral,Mercer,CTOURN,52,49,No,17,51,0.333,2,15,0.133,15,36,0.417,0.353,16,23,0.696,13,27,40,4,5,2,12,15,15,53,0.283,6,21,0.286,9,32,0.281,0.34,13,17,0.765,6,21,27,11,9,5,7,17,Win
364,3/9/15,Neutral,Wofford,CTOURN,64,67,No,24,46,0.522,9,15,0.6,15,31,0.484,0.62,7,8,0.875,2,16,18,10,3,4,10,17,22,51,0.431,6,20,0.3,16,31,0.516,0.49,17,21,0.81,11,18,29,8,3,7,8,11,Lose
365,11/8/13,Home,Sewanee,REG (Non-Conf),66,49,No,20,55,0.364,5,21,0.238,15,34,0.441,0.409,21,28,0.75,17,25,42,11,7,0,10,15,16,50,0.32,9,27,0.333,7,23,0.304,0.41,8,11,0.727,7,21,28,14,5,3,14,23,Win
366,11/12/13,Home,Gardner-Webb,REG (Non-Conf),75,64,No,26,58,0.448,5,13,0.385,21,45,0.467,0.491,18,27,0.667,14,22,36,6,5,5,10,17,24,59,0.407,3,16,0.188,21,43,0.488,0.432,13,19,0.684,12,19,31,8,6,2,13,26,Win
367,11/15/13,Home,Florida Gulf Coast,REG (Non-Conf),69,70,No,25,54,0.463,7,18,0.389,18,36,0.5,0.528,12,16,0.75,5,21,26,10,3,6,14,19,26,66,0.394,3,16,0.188,23,50,0.46,0.417,15,18,0.833,17,20,37,9,6,4,8,16,Lose
368,11/23/13,Away,College of Charleston,REG (Non-Conf),55,89,No,20,58,0.345,3,16,0.188,17,42,0.405,0.371,12,16,0.75,7,18,25,5,4,3,12,13,33,58,0.569,11,24,0.458,22,34,0.647,0.664,12,17,0.706,7,27,34,17,7,6,9,14,Lose
369,11/26/13,Away,Virginia Tech,REG (Non-Conf),54,75,No,20,56,0.357,4,17,0.235,16,39,0.41,0.393,10,12,0.833,7,20,27,4,5,2,11,13,28,59,0.475,12,30,0.4,16,29,0.552,0.576,7,10,0.7,10,27,37,19,2,5,11,13,Lose
370,11/30/13,Home,Brevard,REG (Non-Conf),89,72,No,31,54,0.574,14,23,0.609,17,31,0.548,0.704,13,17,0.765,8,26,34,16,6,3,18,13,27,57,0.474,13,29,0.448,14,28,0.5,0.588,5,7,0.714,4,17,21,18,10,2,15,16,Win
371,12/4/13,Away,Fordham,REG (Non-Conf),48,79,No,16,47,0.34,0,11,0,16,36,0.444,0.34,16,19,0.842,5,16,21,5,11,1,17,12,31,66,0.47,8,21,0.381,23,45,0.511,0.53,9,13,0.692,19,25,44,18,9,3,13,18,Lose
372,12/7/13,Away,Presbyterian,REG (Non-Conf),74,59,No,27,50,0.54,11,22,0.5,16,28,0.571,0.65,9,11,0.818,4,18,22,14,4,2,10,13,26,55,0.473,5,15,0.333,21,40,0.525,0.518,2,3,0.667,5,18,23,16,3,2,8,14,Win
373,12/10/13,Home,Mars Hill,REG (Non-Conf),93,97,No,33,69,0.478,8,25,0.32,25,44,0.568,0.536,19,35,0.543,14,23,37,16,10,2,11,33,27,51,0.529,11,22,0.5,16,29,0.552,0.637,32,49,0.653,9,25,34,18,3,2,17,27,Lose
374,12/14/13,Away,Clemson,REG (Non-Conf),35,71,No,13,43,0.302,3,11,0.273,10,32,0.313,0.337,6,9,0.667,6,14,20,4,2,1,14,12,27,54,0.5,6,23,0.261,21,31,0.677,0.556,11,14,0.786,13,22,35,16,9,9,10,13,Lose
375,12/20/13,Home,Liberty,REG (Non-Conf),86,83,No,27,48,0.563,10,19,0.526,17,29,0.586,0.667,22,37,0.595,7,24,31,10,1,0,12,24,28,62,0.452,9,21,0.429,19,41,0.463,0.524,18,27,0.667,14,22,36,15,8,2,11,28,Win
376,12/28/13,Away,California,REG (Non-Conf),60,90,No,23,56,0.411,6,14,0.429,17,42,0.405,0.464,8,12,0.667,8,16,24,12,1,0,11,13,37,61,0.607,10,21,0.476,27,40,0.675,0.689,6,15,0.4,8,23,31,19,5,5,4,9,Lose
377,12/30/13,Away,UC Davis,REG (Non-Conf),75,65,No,28,54,0.519,5,15,0.333,23,39,0.59,0.565,14,17,0.824,10,22,32,11,4,3,12,21,21,57,0.368,9,24,0.375,12,33,0.364,0.447,14,19,0.737,11,16,27,8,5,1,11,21,Win
378,1/4/14,Home,Chattanooga,REG (Conf),63,72,No,25,57,0.439,3,14,0.214,22,43,0.512,0.465,10,14,0.714,10,25,35,11,4,4,13,20,26,68,0.382,6,21,0.286,20,47,0.426,0.426,14,22,0.636,18,22,40,13,5,9,11,18,Lose
379,1/6/14,Away,UNC Greensboro,REG (Conf),82,90,No,25,50,0.5,6,17,0.353,19,33,0.576,0.56,26,33,0.788,5,17,22,4,4,2,13,19,34,59,0.576,7,18,0.389,27,41,0.659,0.636,15,18,0.833,5,20,25,18,5,3,10,24,Lose
380,1/9/14,Home,Davidson,REG (Conf),56,73,No,18,41,0.439,3,12,0.25,15,29,0.517,0.476,17,26,0.654,6,22,28,4,4,2,21,18,24,48,0.5,11,26,0.423,13,22,0.591,0.615,14,18,0.778,3,21,24,18,12,3,13,21,Lose
381,1/11/14,Away,Samford,REG (Conf),55,57,No,20,48,0.417,4,12,0.333,16,36,0.444,0.458,11,14,0.786,7,21,28,11,3,4,8,18,16,46,0.348,4,16,0.25,12,30,0.4,0.391,21,25,0.84,7,21,28,13,6,6,5,15,Lose
382,1/16/14,Away,Georgia Southern,REG (Conf),81,88,OT,31,56,0.554,7,19,0.368,24,37,0.649,0.616,12,19,0.632,9,22,31,9,11,3,18,21,30,60,0.5,11,21,0.524,19,39,0.487,0.592,17,28,0.607,14,19,33,16,9,2,14,17,Lose
383,1/18/14,Away,The Citadel,REG (Conf),76,71,No,27,57,0.474,10,20,0.5,17,37,0.459,0.561,12,21,0.571,9,21,30,15,1,0,10,16,28,61,0.459,5,15,0.333,23,46,0.5,0.5,10,17,0.588,14,21,35,12,2,6,8,15,Win
384,1/25/14,Home,Wofford,REG (Conf),52,76,No,18,44,0.409,6,12,0.5,12,32,0.375,0.477,10,25,0.4,6,20,26,9,4,2,16,16,29,61,0.475,7,15,0.467,22,46,0.478,0.533,11,16,0.688,8,23,31,10,6,2,9,17,Lose
385,2/1/14,Away,Chattanooga,REG (Conf),52,67,No,21,54,0.389,3,10,0.3,18,44,0.409,0.417,7,13,0.538,7,25,32,10,5,4,17,12,28,65,0.431,6,21,0.286,22,44,0.5,0.477,5,5,1,10,23,33,18,10,8,11,17,Lose
386,2/3/14,Home,Samford,REG (Conf),68,76,No,23,50,0.46,5,18,0.278,18,32,0.563,0.51,17,28,0.607,5,24,29,13,5,5,11,23,25,56,0.446,7,17,0.412,18,39,0.462,0.509,19,27,0.704,9,29,38,13,6,1,8,22,Lose
387,2/8/14,Away,Davidson,REG (Conf),50,65,No,17,39,0.436,4,7,0.571,13,32,0.406,0.487,12,19,0.632,1,17,18,9,10,3,19,17,21,48,0.438,11,29,0.379,10,19,0.526,0.552,12,13,0.923,7,22,29,14,10,1,16,18,Lose
388,2/10/14,Away,Western Carolina,REG (Conf),75,83,No,24,51,0.471,2,12,0.167,22,39,0.564,0.49,25,33,0.758,5,23,28,5,4,4,15,16,30,64,0.469,8,26,0.308,22,38,0.579,0.531,15,18,0.833,8,19,27,18,11,3,9,24,Lose
389,2/15/14,Home,The Citadel,REG (Conf),76,67,No,25,53,0.472,7,22,0.318,18,31,0.581,0.538,19,25,0.76,11,24,35,14,3,9,8,13,21,56,0.375,9,20,0.45,12,36,0.333,0.455,16,20,0.8,6,21,27,9,5,1,4,21,Win
390,2/20/14,Away,Wofford,REG (Conf),50,70,No,17,43,0.395,3,14,0.214,14,29,0.483,0.43,13,21,0.619,7,19,26,6,6,3,15,18,26,52,0.5,7,13,0.538,19,39,0.487,0.567,11,17,0.647,10,22,32,18,10,2,9,19,Lose
391,2/22/14,Home,Appalachian State,REG (Conf),68,53,No,25,50,0.5,4,17,0.235,21,33,0.636,0.54,14,22,0.636,4,24,28,13,8,7,13,20,19,61,0.311,3,14,0.214,16,47,0.34,0.336,12,21,0.571,21,21,42,5,5,2,15,22,Win
392,2/24/14,Home,Elon,REG (Conf),49,78,No,15,50,0.3,6,21,0.286,9,29,0.31,0.36,13,23,0.565,6,22,28,10,3,1,15,12,32,59,0.542,7,18,0.389,25,41,0.61,0.602,7,11,0.636,4,29,33,19,8,2,9,20,Lose
393,2/27/14,Home,Georgia Southern,REG (Conf),73,82,No,24,51,0.471,6,21,0.286,18,30,0.6,0.529,19,23,0.826,5,16,21,12,5,1,12,20,27,51,0.529,9,20,0.45,18,31,0.581,0.618,19,26,0.731,8,20,28,8,9,1,15,22,Lose
394,3/7/14,Neutral,Georgia Southern,CTOURN,50,65,No,16,44,0.364,4,19,0.211,12,25,0.48,0.409,14,18,0.778,3,18,21,9,4,3,17,12,27,54,0.5,3,12,0.25,24,42,0.571,0.528,8,11,0.727,8,25,33,10,13,2,15,16,Lose
395,11/10/12,Home,Columbia,REG (Non-Conf),47,68,No,16,52,0.308,1,17,0.059,15,35,0.429,0.317,14,20,0.7,13,17,30,7,3,4,14,16,26,53,0.491,8,19,0.421,18,34,0.529,0.566,8,13,0.615,9,26,35,13,7,5,12,23,Lose
396,11/13/12,Home,S Wesleyan,REG (Non-Conf),90,71,No,31,59,0.525,9,20,0.45,22,39,0.564,0.602,19,28,0.679,10,19,29,23,7,8,11,19,24,53,0.453,5,10,0.5,19,43,0.442,0.5,18,26,0.692,9,19,28,12,7,3,20,22,Win
397,11/16/12,Home,Clemson,REG (Non-Conf),55,72,No,18,39,0.462,2,8,0.25,16,31,0.516,0.487,17,26,0.654,8,16,24,5,2,3,16,16,28,57,0.491,2,6,0.333,26,51,0.51,0.509,14,20,0.7,13,16,29,14,6,1,7,20,Lose
398,11/19/12,Home,Brevard,REG (Non-Conf),76,53,No,27,54,0.5,8,18,0.444,19,36,0.528,0.574,14,22,0.636,9,30,39,17,4,2,18,13,21,64,0.328,6,26,0.231,15,38,0.395,0.375,5,12,0.417,13,16,29,13,9,2,17,22,Win
399,11/25/12,Away,Mercer,REG (Non-Conf),46,73,No,15,39,0.385,5,15,0.333,10,24,0.417,0.449,11,23,0.478,11,23,34,9,2,1,25,19,25,57,0.439,7,20,0.35,18,37,0.486,0.5,16,21,0.762,9,15,24,17,10,1,8,17,Lose
400,11/28/12,Home,Western Carolina,REG (Conf),65,79,No,21,58,0.362,2,16,0.125,19,42,0.452,0.379,21,28,0.75,16,22,38,8,7,6,19,16,29,60,0.483,7,15,0.467,22,45,0.489,0.542,14,17,0.824,4,26,30,19,10,1,10,19,Lose
401,12/1/12,Away,Loyola Chicago,REG (Non-Conf),50,77,No,19,53,0.358,7,18,0.389,12,35,0.343,0.425,5,9,0.556,7,19,26,8,7,4,18,14,30,63,0.476,11,24,0.458,19,39,0.487,0.563,6,8,0.75,10,22,32,19,6,1,11,14,Lose
402,12/9/12,Home,Presbyterian,REG (Non-Conf),81,57,No,30,62,0.484,15,32,0.469,15,30,0.5,0.605,6,8,0.75,13,23,36,20,8,4,12,11,25,56,0.446,4,13,0.308,21,43,0.488,0.482,3,7,0.429,6,18,24,17,7,3,13,7,Win
403,12/15/12,Away,Auburn,REG (Non-Conf),50,64,No,16,52,0.308,5,22,0.227,11,30,0.367,0.356,13,17,0.765,10,17,27,9,4,4,8,14,25,58,0.431,8,17,0.471,17,41,0.415,0.5,6,8,0.75,14,23,37,15,3,6,12,19,Lose
404,12/18/12,Away,Wake Forest,REG (Non-Conf),55,79,No,19,52,0.365,7,24,0.292,12,28,0.429,0.433,10,19,0.526,8,16,24,14,5,4,12,15,28,52,0.538,5,13,0.385,23,39,0.59,0.587,18,22,0.818,3,29,32,17,8,3,9,14,Lose
405,12/22/12,Away,Jacksonville,REG (Non-Conf),53,65,No,19,56,0.339,6,24,0.25,13,32,0.406,0.393,9,15,0.6,6,19,25,13,8,4,15,14,26,57,0.456,5,13,0.385,21,44,0.477,0.5,8,15,0.533,10,30,40,12,7,5,16,16,Lose
406,12/30/12,Away,SMU,REG (Non-Conf),53,72,No,16,57,0.281,10,35,0.286,6,22,0.273,0.368,11,15,0.733,12,17,29,13,4,2,10,22,20,46,0.435,5,10,0.5,15,36,0.417,0.489,27,32,0.844,12,23,35,14,7,3,10,16,Lose
407,1/5/13,Away,College of Charleston,REG (Conf),56,60,No,22,58,0.379,1,11,0.091,21,47,0.447,0.388,11,19,0.579,10,24,34,10,4,5,16,19,18,52,0.346,6,16,0.375,12,36,0.333,0.404,18,26,0.692,10,25,35,7,4,8,17,18,Lose
408,1/12/13,Home,Davidson,REG (Conf),73,81,No,25,52,0.481,6,17,0.353,19,35,0.543,0.538,17,22,0.773,8,20,28,13,3,4,13,18,28,58,0.483,10,23,0.435,18,35,0.514,0.569,15,18,0.833,9,21,30,12,8,2,11,20,Lose
409,1/14/13,Home,Wofford,REG (Conf),69,65,No,25,43,0.581,10,18,0.556,15,25,0.6,0.698,9,13,0.692,3,18,21,19,10,4,17,13,26,60,0.433,5,22,0.227,21,38,0.553,0.475,8,10,0.8,12,14,26,19,8,1,13,14,Win
410,1/17/13,Away,Elon,REG (Conf),59,73,No,20,47,0.426,6,15,0.4,14,32,0.438,0.489,13,17,0.765,4,24,28,8,4,2,15,20,27,58,0.466,5,21,0.238,22,37,0.595,0.509,14,16,0.875,6,23,29,13,7,2,9,19,Lose
411,1/20/13,Away,UNC Greensboro,REG (Conf),69,61,No,21,47,0.447,8,14,0.571,13,33,0.394,0.532,19,26,0.731,7,30,37,9,9,2,18,15,23,63,0.365,4,16,0.25,19,47,0.404,0.397,11,14,0.786,10,22,32,11,8,1,15,22,Win
412,1/24/13,Away,Wofford,REG (Conf),50,63,No,17,40,0.425,4,13,0.308,13,27,0.481,0.475,12,16,0.75,5,16,21,8,4,4,20,17,23,55,0.418,2,10,0.2,21,45,0.467,0.436,15,20,0.75,11,15,26,10,11,1,9,15,Lose
413,1/31/13,Home,Georgia Southern,REG (Conf),81,74,No,27,42,0.643,12,18,0.667,15,24,0.625,0.786,15,22,0.682,5,17,22,19,7,2,17,19,26,49,0.531,5,12,0.417,21,37,0.568,0.582,17,28,0.607,9,15,24,9,12,0,14,19,Win
414,2/2/13,Home,The Citadel,REG (Conf),79,84,No,30,62,0.484,8,23,0.348,22,39,0.564,0.548,11,17,0.647,15,22,37,16,4,3,11,22,30,53,0.566,7,13,0.538,23,40,0.575,0.632,17,27,0.63,6,17,23,21,8,0,8,17,Lose
415,2/7/13,Home,UNC Greensboro,REG (Conf),65,88,No,21,59,0.356,3,21,0.143,18,38,0.474,0.381,20,29,0.69,10,18,28,13,8,2,10,16,36,60,0.6,9,15,0.6,27,45,0.6,0.675,7,15,0.467,9,29,38,19,7,0,16,23,Lose
416,2/9/13,Home,Elon,REG (Conf),60,64,No,25,54,0.463,3,12,0.25,22,42,0.524,0.491,7,10,0.7,10,17,27,10,3,4,11,15,23,49,0.469,6,16,0.375,17,33,0.515,0.531,12,15,0.8,9,16,25,12,6,5,7,14,Lose
417,2/11/13,Away,Appalachian State,REG (Conf),66,72,No,22,51,0.431,6,15,0.4,16,36,0.444,0.49,16,23,0.696,5,20,25,9,7,4,12,19,24,51,0.471,5,11,0.455,19,40,0.475,0.52,19,25,0.76,8,24,32,10,4,2,12,20,Lose
418,2/14/13,Away,Chattanooga,REG (Conf),49,83,No,19,51,0.373,4,21,0.19,15,30,0.5,0.412,7,11,0.636,3,26,29,10,4,8,20,11,34,77,0.442,8,24,0.333,26,53,0.491,0.494,7,10,0.7,13,26,39,21,11,3,10,14,Lose
419,2/16/13,Home,Samford,REG (Conf),53,64,No,17,45,0.378,8,21,0.381,9,24,0.375,0.467,11,16,0.688,5,17,22,11,5,7,12,13,24,51,0.471,7,16,0.438,17,35,0.486,0.539,9,12,0.75,9,22,31,13,6,3,12,17,Lose
420,2/20/13,Away,Davidson,REG (Conf),36,73,No,11,44,0.25,3,9,0.333,8,35,0.229,0.284,11,15,0.733,4,20,24,4,3,2,11,16,27,61,0.443,8,22,0.364,19,39,0.487,0.508,11,13,0.846,13,29,42,16,5,5,6,16,Lose
421,2/23/13,Away,Georgia Southern,REG (Conf),61,78,No,19,51,0.373,8,23,0.348,11,28,0.393,0.451,15,17,0.882,8,18,26,4,5,5,10,10,26,55,0.473,15,31,0.484,11,24,0.458,0.609,11,14,0.786,9,22,31,20,7,2,9,15,Lose
422,2/28/13,Away,The Citadel,REG (Conf),57,68,No,20,53,0.377,8,20,0.4,12,33,0.364,0.453,9,14,0.643,10,20,30,9,6,3,17,12,27,60,0.45,6,17,0.353,21,43,0.488,0.5,8,12,0.667,12,16,28,21,11,1,11,12,Lose
423,3/2/13,Home,College of Charleston,REG (Conf),50,74,No,18,58,0.31,4,16,0.25,14,42,0.333,0.345,10,14,0.714,4,20,24,5,5,4,6,12,28,57,0.491,8,21,0.381,20,36,0.556,0.561,10,17,0.588,8,37,45,17,4,4,9,15,Lose
424,3/8/13,Neutral,Samford,CTOURN,55,51,No,17,43,0.395,7,18,0.389,10,25,0.4,0.477,14,19,0.737,8,25,33,9,5,0,8,15,18,45,0.4,6,21,0.286,12,24,0.5,0.467,9,14,0.643,3,18,21,12,7,0,5,16,Win
425,3/9/13,Neutral,Appalachian State,CTOURN,60,74,No,21,47,0.447,3,11,0.273,18,36,0.5,0.479,15,18,0.833,6,21,27,8,7,5,18,12,31,57,0.544,8,21,0.381,23,36,0.639,0.614,4,7,0.571,5,21,26,18,7,2,13,17,Lose
426,11/11/11,Home,Roanoke,REG (Non-Conf),75,49,No,25,64,0.391,7,27,0.259,18,37,0.486,0.445,18,25,0.72,20,31,51,17,6,9,18,18,18,58,0.31,4,17,0.235,14,41,0.341,0.345,9,11,0.818,5,22,27,10,7,2,19,22,Win
427,11/14/11,Away,Columbia,REG (Non-Conf),62,58,No,23,60,0.383,6,12,0.5,17,48,0.354,0.433,10,15,0.667,10,18,28,10,3,7,12,20,19,54,0.352,4,17,0.235,15,37,0.405,0.389,16,23,0.696,12,24,36,9,4,4,15,20,Win
428,11/17/11,Home,Mercer,REG (Non-Conf),46,66,No,14,57,0.246,3,20,0.15,11,37,0.297,0.272,15,19,0.789,18,15,33,6,7,1,19,16,25,51,0.49,6,15,0.4,19,36,0.528,0.549,10,15,0.667,10,23,33,13,9,5,13,18,Lose
429,11/20/11,Home,Loyola Chicago,REG (Non-Conf),63,51,No,21,45,0.467,7,22,0.318,14,23,0.609,0.544,14,17,0.824,6,17,23,12,5,1,4,12,19,46,0.413,4,14,0.286,15,32,0.469,0.457,9,12,0.75,8,15,23,11,1,1,10,18,Win
430,11/25/11,Away,Clemson,REG (Non-Conf),49,59,No,17,41,0.415,5,14,0.357,12,27,0.444,0.476,10,16,0.625,4,18,22,8,4,1,15,19,20,48,0.417,4,13,0.308,16,35,0.457,0.458,15,20,0.75,10,21,31,11,6,4,10,16,Lose
431,11/30/11,Away,Elon,REG (Conf),70,77,No,26,66,0.394,9,26,0.346,17,40,0.425,0.462,9,13,0.692,12,24,36,8,3,3,10,25,25,54,0.463,8,20,0.4,17,34,0.5,0.537,19,30,0.633,5,28,33,12,3,4,7,15,Lose
432,12/3/11,Away,Davidson,REG (Conf),65,86,No,22,59,0.373,5,18,0.278,17,41,0.415,0.415,16,22,0.727,12,16,28,7,1,1,14,25,27,51,0.529,7,19,0.368,20,32,0.625,0.598,25,29,0.862,8,23,31,10,6,3,14,18,Lose
433,12/6/11,Home,Virginia Wise,REG (Non-Conf),86,66,No,34,71,0.479,10,29,0.345,24,42,0.571,0.549,8,11,0.727,22,22,44,19,6,0,8,14,27,54,0.5,4,15,0.267,23,39,0.59,0.537,8,11,0.727,5,16,21,15,1,0,9,13,Win
434,12/11/11,Home,Jacksonville,REG (Non-Conf),85,79,No,25,54,0.463,8,23,0.348,17,31,0.548,0.537,27,33,0.818,9,14,23,15,9,6,14,20,30,62,0.484,5,14,0.357,25,48,0.521,0.524,14,22,0.636,20,17,37,14,9,2,21,27,Win
435,12/17/11,Away,Western Kentucky,REG (Non-Conf),76,63,No,21,41,0.512,7,11,0.636,14,30,0.467,0.598,27,34,0.794,6,26,32,10,3,5,11,21,22,60,0.367,7,24,0.292,15,36,0.417,0.425,12,25,0.48,13,15,28,11,7,3,10,28,Win
436,12/20/11,Away,Presbyterian,REG (Non-Conf),71,75,No,24,45,0.533,6,13,0.462,18,32,0.563,0.6,17,24,0.708,8,15,23,7,3,3,14,23,23,49,0.469,3,13,0.231,20,36,0.556,0.5,26,28,0.929,9,15,24,8,5,0,9,21,Lose
437,12/23/11,Away,Georgia,REG (Non-Conf),50,64,No,17,52,0.327,6,17,0.353,11,35,0.314,0.385,10,11,0.909,12,17,29,4,5,3,14,15,21,43,0.488,6,12,0.5,15,31,0.484,0.558,16,17,0.941,3,19,22,15,8,8,9,17,Lose
438,12/30/11,Away,UNC Wilmington,REG (Non-Conf),61,72,No,22,65,0.338,6,26,0.231,16,39,0.41,0.385,11,15,0.733,17,25,42,14,2,4,12,19,29,60,0.483,8,14,0.571,21,46,0.457,0.55,6,11,0.545,5,26,31,16,5,5,6,14,Lose
439,1/5/12,Home,The Citadel,REG (Conf),77,45,No,27,49,0.551,13,29,0.448,14,20,0.7,0.684,10,12,0.833,7,22,29,18,7,3,18,12,21,55,0.382,2,11,0.182,19,44,0.432,0.4,1,5,0.2,8,15,23,12,7,0,18,14,Win
440,1/7/12,Home,College of Charleston,REG (Conf),43,66,No,16,54,0.296,4,22,0.182,12,32,0.375,0.333,7,12,0.583,17,22,39,10,5,0,22,22,24,47,0.511,3,15,0.2,21,32,0.656,0.543,15,25,0.6,7,21,28,9,12,2,14,18,Lose
441,1/12/12,Away,Appalachian State,REG (Conf),50,56,No,18,46,0.391,6,21,0.286,12,25,0.48,0.457,8,9,0.889,3,19,22,9,9,1,14,16,21,47,0.447,6,18,0.333,15,29,0.517,0.511,8,12,0.667,6,23,29,11,7,2,14,12,Lose
442,1/14/12,Away,Western Carolina,REG (Conf),58,55,No,16,37,0.432,3,15,0.2,13,22,0.591,0.473,23,31,0.742,8,18,26,5,10,3,19,19,17,43,0.395,6,18,0.333,11,25,0.44,0.465,15,19,0.789,5,15,20,8,7,1,16,29,Win
443,1/19/12,Home,Georgia Southern,REG (Conf),64,54,No,21,51,0.412,8,21,0.381,13,30,0.433,0.49,14,18,0.778,11,29,40,16,5,2,19,20,17,50,0.34,3,16,0.188,14,34,0.412,0.37,17,26,0.654,8,17,25,8,13,3,13,19,Win
444,1/21/12,Home,Wofford,REG (Conf),72,79,No,27,51,0.529,11,22,0.5,16,29,0.552,0.637,7,11,0.636,5,10,15,18,5,5,10,21,25,49,0.51,8,13,0.615,17,36,0.472,0.592,21,25,0.84,12,19,31,19,5,2,13,18,Lose
445,1/26/12,Away,College of Charleston,REG (Conf),69,63,No,25,57,0.439,5,11,0.455,20,46,0.435,0.482,14,25,0.56,14,24,38,8,3,8,14,20,21,60,0.35,4,23,0.174,17,37,0.459,0.383,17,24,0.708,11,21,32,9,7,3,11,21,Win
446,1/28/12,Away,The Citadel,REG (Conf),67,58,No,26,56,0.464,4,17,0.235,22,39,0.564,0.5,11,16,0.688,8,19,27,9,7,2,8,17,20,46,0.435,3,15,0.2,17,31,0.548,0.467,15,19,0.789,5,19,24,14,3,2,18,21,Win
447,2/1/12,Home,Davidson,REG (Conf),53,71,No,18,53,0.34,5,14,0.357,13,39,0.333,0.387,12,16,0.75,4,25,29,10,5,8,12,24,23,57,0.404,2,12,0.167,21,45,0.467,0.421,23,26,0.885,7,31,38,9,5,4,9,17,Lose
448,2/4/12,Home,UNC Greensboro,REG (Conf),93,85,No,23,51,0.451,10,19,0.526,13,32,0.406,0.549,37,47,0.787,4,27,31,14,8,4,15,23,26,62,0.419,6,21,0.286,20,41,0.488,0.468,27,31,0.871,9,24,33,12,6,3,18,33,Win
449,2/6/12,Away,Georgia Southern,REG (Conf),57,64,No,20,55,0.364,11,23,0.478,9,32,0.281,0.464,6,9,0.667,6,20,26,10,5,1,17,17,25,50,0.5,6,10,0.6,19,40,0.475,0.56,8,16,0.5,9,25,34,14,8,7,15,16,Lose
450,2/9/12,Home,Appalachian State,REG (Conf),69,79,No,22,55,0.4,6,20,0.3,16,35,0.457,0.455,19,26,0.731,10,25,35,14,4,4,11,25,23,56,0.411,3,12,0.25,20,44,0.455,0.438,30,38,0.789,9,25,34,12,8,2,8,22,Lose
451,2/11/12,Home,Western Carolina,REG (Conf),80,66,No,27,50,0.54,11,20,0.55,16,30,0.533,0.65,15,21,0.714,7,24,31,18,4,4,10,18,26,63,0.413,2,18,0.111,24,45,0.533,0.429,12,17,0.706,12,18,30,9,8,1,8,19,Win
452,2/18/12,Away,Samford,REG (Conf),49,55,No,19,55,0.345,6,29,0.207,13,26,0.5,0.4,5,8,0.625,9,23,32,12,5,1,13,23,22,47,0.468,4,13,0.308,18,34,0.529,0.511,7,17,0.412,7,26,33,12,3,2,11,14,Lose
453,2/23/12,Home,Chattanooga,REG (Conf),65,55,No,22,53,0.415,5,23,0.217,17,30,0.567,0.462,16,29,0.552,13,27,40,12,6,5,11,20,17,54,0.315,5,19,0.263,12,35,0.343,0.361,16,24,0.667,8,20,28,11,7,0,11,20,Win
454,2/25/12,Away,Wofford,REG (Conf),52,67,No,19,44,0.432,4,18,0.222,15,26,0.577,0.477,10,16,0.625,7,21,28,3,5,1,14,15,24,50,0.48,11,22,0.5,13,28,0.464,0.59,8,11,0.727,5,19,24,14,6,0,11,18,Lose
455,3/2/12,Neutral,Samford,CTOURN,75,66,No,24,56,0.429,8,26,0.308,16,30,0.533,0.5,19,25,0.76,14,21,35,9,2,2,11,14,27,56,0.482,2,20,0.1,25,36,0.694,0.5,10,17,0.588,5,17,22,10,9,1,6,20,Win
456,3/3/12,Neutral,Davidson,CTOURN,54,73,No,20,53,0.377,5,15,0.333,15,38,0.395,0.425,9,22,0.409,12,22,34,6,8,6,16,17,27,57,0.474,10,26,0.385,17,31,0.548,0.561,9,16,0.563,9,22,31,20,9,2,10,22,Lose
457,11/12/10,Home,North Greenville,REG (Non-Conf),72,54,No,26,61,0.426,12,30,0.4,14,31,0.452,0.525,8,12,0.667,16,24,40,17,8,10,11,10,20,50,0.4,7,14,0.5,13,36,0.361,0.47,7,11,0.636,7,19,26,13,5,3,13,14,Win
458,11/16/10,Home,UNC Asheville,REG (Non-Conf),69,67,No,20,49,0.408,4,18,0.222,16,31,0.516,0.449,25,29,0.862,10,24,34,9,4,2,17,21,22,60,0.367,5,13,0.385,17,47,0.362,0.408,18,25,0.72,15,20,35,7,8,3,15,23,Win
459,11/19/10,Away,Kent State,REG (Non-Conf),74,78,OT,30,70,0.429,6,22,0.273,24,48,0.5,0.471,8,12,0.667,16,20,36,12,6,3,19,24,27,56,0.482,1,10,0.1,26,46,0.565,0.491,23,34,0.676,9,21,30,12,10,2,15,17,Lose
460,11/23/10,Away,South Carolina State,REG (Non-Conf),59,55,No,17,42,0.405,10,24,0.417,7,18,0.389,0.524,15,24,0.625,7,23,30,11,3,5,18,20,19,47,0.404,3,13,0.231,16,34,0.471,0.436,14,23,0.609,8,19,27,9,7,1,17,26,Win
461,11/28/10,Away,Penn State,REG (Non-Conf),49,70,No,18,48,0.375,9,20,0.45,9,28,0.321,0.469,4,5,0.8,5,13,18,8,6,0,12,15,26,48,0.542,12,19,0.632,14,29,0.483,0.667,6,9,0.667,9,21,30,16,9,2,14,12,Lose
462,12/1/10,Home,Elon,REG (Conf),80,65,No,27,55,0.491,4,17,0.235,23,38,0.605,0.527,22,34,0.647,8,28,36,17,5,4,9,22,21,50,0.42,7,18,0.389,14,32,0.438,0.49,16,22,0.727,3,21,24,13,3,0,12,28,Win
463,12/6/10,Away,UNC Greensboro,REG (Conf),81,68,No,25,52,0.481,9,17,0.529,16,35,0.457,0.567,22,27,0.815,7,18,25,14,6,6,13,18,25,59,0.424,4,11,0.364,21,48,0.438,0.458,14,18,0.778,8,16,24,9,6,3,16,24,Win
464,12/12/10,Away,Middle Tennessee,REG (Non-Conf),76,61,No,26,49,0.531,7,14,0.5,19,35,0.543,0.602,17,23,0.739,15,21,36,11,8,2,14,26,18,52,0.346,6,15,0.4,12,37,0.324,0.404,19,31,0.613,13,12,25,8,7,4,11,20,Win
465,12/18/10,Away,North Florida,REG (Non-Conf),60,49,No,20,45,0.444,5,18,0.278,15,27,0.556,0.5,15,22,0.682,10,20,30,7,7,3,16,14,20,52,0.385,3,16,0.188,17,36,0.472,0.413,6,9,0.667,11,20,31,7,7,2,17,20,Win
466,12/22/10,Home,South Carolina,REG (Non-Conf),91,75,No,30,57,0.526,7,15,0.467,23,42,0.548,0.588,24,29,0.828,12,27,39,18,7,1,15,14,26,60,0.433,12,30,0.4,14,30,0.467,0.533,11,20,0.55,9,14,23,9,3,6,14,25,Win
467,12/29/10,Away,UCF,REG (Non-Conf),53,71,No,20,60,0.333,4,13,0.308,16,47,0.34,0.367,9,15,0.6,16,20,36,7,4,5,10,19,26,53,0.491,3,13,0.231,23,40,0.575,0.519,16,22,0.727,8,21,29,11,4,7,6,17,Lose
468,12/30/10,Neutral,Northeastern,REG (Non-Conf),75,62,No,24,54,0.444,8,18,0.444,16,36,0.444,0.519,19,27,0.704,15,24,39,16,5,3,13,20,19,49,0.388,3,16,0.188,16,33,0.485,0.418,21,25,0.84,8,15,23,9,6,4,11,20,Win
469,1/3/11,Home,Virginia Wise,REG (Non-Conf),82,55,No,31,64,0.484,5,18,0.278,26,46,0.565,0.523,15,20,0.75,16,26,42,14,9,6,15,20,17,48,0.354,4,12,0.333,13,36,0.361,0.396,17,23,0.739,6,16,22,9,9,2,19,16,Win
470,1/6/11,Home,College of Charleston,REG (Conf),72,76,No,28,63,0.444,7,22,0.318,21,41,0.512,0.5,9,11,0.818,9,15,24,14,8,1,8,14,29,52,0.558,7,14,0.5,22,38,0.579,0.625,11,15,0.733,8,23,31,13,4,3,14,15,Lose
471,1/8/11,Home,The Citadel,REG (Conf),88,67,No,32,54,0.593,8,19,0.421,24,35,0.686,0.667,16,21,0.762,7,23,30,16,4,4,8,15,23,53,0.434,3,11,0.273,20,42,0.476,0.462,18,23,0.783,9,17,26,10,4,1,10,20,Win
472,1/12/11,Away,Davidson,REG (Conf),70,79,No,20,43,0.465,3,10,0.3,17,33,0.515,0.5,27,34,0.794,3,17,20,8,3,4,14,28,22,49,0.449,7,16,0.438,15,33,0.455,0.52,28,37,0.757,9,21,30,10,4,1,12,25,Lose
473,1/15/11,Away,Georgia Southern,REG (Conf),74,56,No,23,44,0.523,13,26,0.5,10,18,0.556,0.67,15,21,0.714,2,26,28,15,7,4,14,18,20,55,0.364,5,20,0.25,15,35,0.429,0.409,11,13,0.846,8,18,26,10,5,0,14,19,Win
474,1/20/11,Home,Samford,REG (Conf),74,55,No,25,45,0.556,15,24,0.625,10,21,0.476,0.722,9,15,0.6,8,20,28,17,2,3,10,15,19,43,0.442,6,20,0.3,13,23,0.565,0.512,11,14,0.786,2,14,16,9,4,0,8,22,Win
475,1/22/11,Home,Chattanooga,REG (Conf),85,59,No,29,59,0.492,13,31,0.419,16,28,0.571,0.602,14,21,0.667,7,27,34,22,5,4,8,25,20,59,0.339,3,22,0.136,17,37,0.459,0.364,16,31,0.516,12,25,37,14,4,1,13,23,Win
476,1/24/11,Away,Wofford,REG (Conf),73,68,OT,27,50,0.54,5,12,0.417,22,38,0.579,0.59,14,16,0.875,5,23,28,11,5,4,11,15,28,67,0.418,4,15,0.267,24,52,0.462,0.448,8,15,0.533,12,17,29,15,5,2,11,14,Win
477,1/27/11,Away,Western Carolina,REG (Conf),41,65,No,15,56,0.268,2,21,0.095,13,35,0.371,0.286,9,17,0.529,9,24,33,4,2,2,12,21,26,54,0.481,3,11,0.273,23,43,0.535,0.509,10,20,0.5,8,33,41,13,8,4,10,17,Lose
478,1/29/11,Home,Appalachian State,REG (Conf),81,61,No,29,60,0.483,12,22,0.545,17,38,0.447,0.583,11,13,0.846,10,24,34,21,6,4,8,17,19,49,0.388,5,16,0.313,14,33,0.424,0.439,18,22,0.818,3,19,22,8,3,2,8,18,Win
479,2/3/11,Away,The Citadel,REG (Conf),59,55,No,21,53,0.396,8,24,0.333,13,29,0.448,0.472,9,15,0.6,8,19,27,12,5,2,8,10,21,55,0.382,5,26,0.192,16,29,0.552,0.427,8,10,0.8,11,25,36,10,5,3,10,14,Win
480,2/5/11,Away,College of Charleston,REG (Conf),54,73,No,22,56,0.393,5,15,0.333,17,41,0.415,0.438,5,7,0.714,12,16,28,9,3,1,11,17,29,51,0.569,4,15,0.267,25,36,0.694,0.608,11,16,0.688,9,22,31,9,4,4,10,10,Lose
481,2/10/11,Home,Georgia Southern,REG (Conf),54,45,No,16,45,0.356,6,17,0.353,10,28,0.357,0.422,16,23,0.696,10,21,31,8,6,5,10,8,17,52,0.327,5,18,0.278,12,34,0.353,0.375,6,9,0.667,14,17,31,14,5,3,15,21,Win
482,2/12/11,Home,Davidson,REG (Conf),88,79,No,25,44,0.568,6,13,0.462,19,31,0.613,0.636,32,46,0.696,9,31,40,12,2,4,16,25,26,67,0.388,7,24,0.292,19,43,0.442,0.44,20,31,0.645,12,16,28,12,8,1,6,32,Win
483,2/19/11,Away,Samford,REG (Conf),70,63,No,20,47,0.426,7,20,0.35,13,27,0.481,0.5,23,27,0.852,10,17,27,11,4,3,14,16,22,41,0.537,10,23,0.435,12,18,0.667,0.659,9,14,0.643,3,14,17,18,7,1,16,24,Win
484,2/21/11,Away,Chattanooga,REG (Conf),59,75,No,22,57,0.386,7,32,0.219,15,25,0.6,0.447,8,10,0.8,5,19,24,12,5,1,10,22,22,45,0.489,10,19,0.526,12,26,0.462,0.6,21,31,0.677,7,31,38,13,6,2,12,17,Lose
485,2/26/11,Home,Wofford,REG (Conf),65,79,No,19,41,0.463,3,8,0.375,16,33,0.485,0.5,24,30,0.8,5,18,23,10,5,4,8,15,29,58,0.5,10,15,0.667,19,43,0.442,0.586,11,19,0.579,15,16,31,15,6,0,7,19,Lose
486,3/4/11,Neutral,Samford,CTOURN,61,48,No,22,48,0.458,6,18,0.333,16,30,0.533,0.521,11,19,0.579,13,15,28,12,7,3,13,23,13,37,0.351,4,17,0.235,9,20,0.45,0.405,18,24,0.75,6,14,20,8,4,0,16,20,Win
487,3/5/11,Away,Chattanooga,CTOURN,61,52,No,18,42,0.429,7,19,0.368,11,23,0.478,0.512,18,24,0.75,9,28,37,10,8,3,21,24,16,51,0.314,5,20,0.25,11,31,0.355,0.363,15,29,0.517,11,17,28,8,9,2,16,24,Win
488,3/6/11,Neutral,College of Charleston,CTOURN,58,63,No,19,54,0.352,6,19,0.316,13,35,0.371,0.407,14,18,0.778,11,28,39,10,3,5,17,29,18,54,0.333,3,15,0.2,15,39,0.385,0.361,24,36,0.667,13,23,36,7,4,7,7,17,Lose
489,3/15/11,Away,East Tennessee State,CIT,63,76,No,19,45,0.422,9,20,0.45,10,25,0.4,0.522,16,27,0.593,10,19,29,9,2,3,17,21,26,51,0.51,5,13,0.385,21,38,0.553,0.559,19,22,0.864,7,19,26,9,12,2,11,22,Lose